73.42,29.97,16.76,11-09-2020 06:24:00,11-09-2020 06:24:31
78.04,29.8,7.78,11-09-2020 06:30:00,11-09-2020 06:30:26
74.59,29.91,7.2,11-09-2020 06:35:00,11-09-2020 06:35:27
65.13,30.17,30.48,11-09-2020 06:40:00,11-09-2020 06:40:29
78.65,30.0,7.4,11-09-2020 06:45:00,11-09-2020 06:45:21
75.17,28.37,7.32,11-09-2020 06:50:00,11-09-2020 06:50:20
77.96,27.85,7.86,11-09-2020 06:55:00,11-09-2020 06:55:21
72.3,30.49,30.79,11-09-2020 07:00:00,11-09-2020 07:00:29
72.42,30.11,30.74,11-09-2020 07:05:00,11-09-2020 07:05:28
77.9,27.65,7.38,11-09-2020 07:10:00,11-09-2020 07:10:18
78.32,29.08,7.19,11-09-2020 07:15:00,11-09-2020 07:15:22
78.64,29.56,7.07,11-09-2020 07:20:00,11-09-2020 07:20:21
79.12,29.35,7.36,11-09-2020 07:25:00,11-09-2020 07:25:22
78.05,29.65,7.41,11-09-2020 07:30:00,11-09-2020 07:30:18
78.47,29.97,7.82,11-09-2020 07:35:00,11-09-2020 07:35:21
78.65,29.83,7.58,11-09-2020 07:40:00,11-09-2020 07:40:21
78.61,29.92,7.87,11-09-2020 07:45:00,11-09-2020 07:45:23
74.04,31.21,30.83,11-09-2020 07:50:00,11-09-2020 07:50:31
78.56,29.89,7.91,11-09-2020 07:55:00,11-09-2020 07:55:22
78.87,29.97,6.87,11-09-2020 08:00:00,11-09-2020 08:00:22
72.45,30.57,30.75,11-09-2020 08:05:00,11-09-2020 08:05:24
71.46,31.12,30.98,11-09-2020 08:10:00,11-09-2020 08:10:28
72.27,30.6,30.82,11-09-2020 08:15:00,11-09-2020 08:15:24
79.01,29.3,7.77,11-09-2020 08:20:00,11-09-2020 08:20:23
79.3,30.01,7.17,11-09-2020 08:25:00,11-09-2020 08:25:23
76.77,30.3,16.74,11-09-2020 08:30:00,11-09-2020 08:30:24
78.3,30.0,7.84,11-09-2020 08:35:00,11-09-2020 08:35:21
77.23,29.55,6.92,11-09-2020 08:40:00,11-09-2020 08:40:18
77.47,29.92,10.59,11-09-2020 08:45:00,11-09-2020 08:45:23
77.22,30.11,7.51,11-09-2020 08:50:00,11-09-2020 08:50:22
76.98,29.48,7.66,11-09-2020 08:55:00,11-09-2020 08:55:20
77.62,29.94,7.36,11-09-2020 09:00:00,11-09-2020 09:00:19
75.34,29.95,16.49,11-09-2020 09:05:00,11-09-2020 09:05:25
77.9,29.92,7.0,11-09-2020 09:10:00,11-09-2020 09:10:20
72.93,28.65,7.11,11-09-2020 09:15:00,11-09-2020 09:15:26
78.49,29.87,7.54,11-09-2020 09:20:00,11-09-2020 09:20:22
78.04,29.96,7.6,11-09-2020 09:25:00,11-09-2020 09:25:20
78.64,28.83,7.59,11-09-2020 09:30:00,11-09-2020 09:30:23
77.65,30.07,7.57,11-09-2020 09:35:00,11-09-2020 09:35:22
78.22,29.9,8.05,11-09-2020 09:40:00,11-09-2020 09:40:25
78.58,29.92,7.04,11-09-2020 09:45:00,11-09-2020 09:45:21
76.66,29.9,6.97,11-09-2020 09:50:00,11-09-2020 09:50:23
76.32,30.14,16.35,11-09-2020 09:55:00,11-09-2020 09:55:25
78.37,29.92,6.91,11-09-2020 10:00:00,11-09-2020 10:00:21
78.73,29.76,7.62,11-09-2020 10:05:00,11-09-2020 10:05:24
79.74,29.87,6.67,11-09-2020 10:10:00,11-09-2020 10:10:22
79.1,31.38,6.87,11-09-2020 10:15:00,11-09-2020 10:15:20
79.0,29.9,6.89,11-09-2020 10:20:00,11-09-2020 10:20:19
77.33,30.17,16.46,11-09-2020 10:25:00,11-09-2020 10:25:25
77.82,29.89,7.6,11-09-2020 10:30:00,11-09-2020 10:30:23
79.0,30.02,7.13,11-09-2020 10:35:00,11-09-2020 10:35:21
78.68,28.54,7.32,11-09-2020 10:40:00,11-09-2020 10:40:23
78.77,29.48,7.55,11-09-2020 10:45:00,11-09-2020 10:45:17
79.47,29.93,7.6,11-09-2020 10:50:00,11-09-2020 10:50:18
77.98,30.16,7.4,11-09-2020 10:55:00,11-09-2020 10:55:22
75.89,30.0,13.23,11-09-2020 11:00:00,11-09-2020 11:00:25
79.01,28.99,7.57,11-09-2020 11:05:00,11-09-2020 11:05:24
77.85,29.9,6.89,11-09-2020 11:10:00,11-09-2020 11:10:21
77.39,28.43,7.34,11-09-2020 11:15:00,11-09-2020 11:15:21
77.72,29.86,7.52,11-09-2020 11:20:00,11-09-2020 11:20:21
77.43,29.93,7.25,11-09-2020 11:25:00,11-09-2020 11:25:22
77.43,29.86,7.67,11-09-2020 11:30:00,11-09-2020 11:30:21
74.17,30.3,17.1,11-09-2020 11:35:00,11-09-2020 11:35:25
78.31,29.29,7.4,11-09-2020 11:40:00,11-09-2020 11:40:28
77.83,29.95,7.28,11-09-2020 11:45:00,11-09-2020 11:45:22
77.46,27.33,7.4,11-09-2020 11:50:00,11-09-2020 11:50:24
79.3,29.86,6.7,11-09-2020 11:55:00,11-09-2020 11:55:19
78.11,28.87,7.22,11-09-2020 12:00:00,11-09-2020 12:00:23
79.34,29.95,10.43,11-09-2020 12:05:00,11-09-2020 12:05:23
78.34,29.89,7.68,11-09-2020 12:10:00,11-09-2020 12:10:21
77.83,30.2,7.67,11-09-2020 12:15:00,11-09-2020 12:15:20
78.31,29.96,7.71,11-09-2020 12:20:00,11-09-2020 12:20:21
78.45,29.1,7.08,11-09-2020 12:25:00,11-09-2020 12:25:22
75.8,30.46,16.23,11-09-2020 12:30:00,11-09-2020 12:30:28
75.61,29.07,7.55,11-09-2020 12:35:00,11-09-2020 12:35:28
78.37,29.88,7.58,11-09-2020 12:40:00,11-09-2020 12:40:24
77.89,29.91,7.24,11-09-2020 12:45:00,11-09-2020 12:45:19
77.75,30.02,7.78,11-09-2020 12:50:00,11-09-2020 12:50:22
78.5,29.79,6.76,11-09-2020 12:55:00,11-09-2020 12:55:20
76.74,30.58,16.88,11-09-2020 13:00:00,11-09-2020 13:00:38
78.69,29.86,7.73,11-09-2020 13:05:00,11-09-2020 13:05:25
79.14,29.86,7.89,11-09-2020 13:10:00,11-09-2020 13:10:21
77.89,29.99,6.94,11-09-2020 13:15:00,11-09-2020 13:15:19
77.77,30.0,12.85,11-09-2020 13:20:00,11-09-2020 13:20:23
79.2,29.36,7.75,11-09-2020 13:25:00,11-09-2020 13:25:23
78.5,30.02,7.88,11-09-2020 13:30:00,11-09-2020 13:30:22
77.84,30.17,6.96,11-09-2020 13:35:00,11-09-2020 13:35:18
78.15,29.88,6.85,11-09-2020 13:40:00,11-09-2020 13:40:18
78.31,29.95,6.81,11-09-2020 13:45:00,11-09-2020 13:45:21
78.65,30.52,6.94,11-09-2020 13:50:00,11-09-2020 13:50:22
80.23,30.01,6.93,11-09-2020 13:55:00,11-09-2020 13:55:19
78.38,28.97,6.7,11-09-2020 14:00:00,11-09-2020 14:00:18
78.37,29.97,6.77,11-09-2020 14:05:00,11-09-2020 14:05:19
73.15,30.2,29.93,11-09-2020 14:10:00,11-09-2020 14:10:26
77.56,30.05,6.95,11-09-2020 14:15:00,11-09-2020 14:15:20
72.16,31.71,30.66,11-09-2020 14:20:00,11-09-2020 14:20:23
78.62,29.93,7.75,11-09-2020 14:25:00,11-09-2020 14:25:25
77.96,29.92,7.64,11-09-2020 14:30:00,11-09-2020 14:30:27
76.85,30.33,16.87,11-09-2020 14:35:00,11-09-2020 14:35:25
78.15,29.92,6.98,11-09-2020 14:40:00,11-09-2020 14:40:21
78.04,29.95,7.78,11-09-2020 14:45:00,11-09-2020 14:45:22
78.63,30.25,13.77,11-09-2020 14:50:00,11-09-2020 14:50:26
78.42,29.84,7.2,11-09-2020 14:55:00,11-09-2020 14:55:21
73.91,28.92,7.65,11-09-2020 15:00:00,11-09-2020 15:00:26
79.47,29.88,7.86,11-09-2020 15:05:00,11-09-2020 15:05:24
77.92,29.77,6.99,11-09-2020 15:10:00,11-09-2020 15:10:21
76.59,30.32,16.82,11-09-2020 15:15:00,11-09-2020 15:15:25
79.05,29.97,7.81,11-09-2020 15:20:00,11-09-2020 15:20:22
78.0,29.83,6.96,11-09-2020 15:25:00,11-09-2020 15:25:22
75.49,30.39,16.77,11-09-2020 15:30:00,11-09-2020 15:30:25
77.84,29.88,7.6,11-09-2020 15:35:00,11-09-2020 15:35:27
78.07,29.97,7.1,11-09-2020 15:40:00,11-09-2020 15:40:19
79.44,28.53,7.84,11-09-2020 15:45:00,11-09-2020 15:45:23
77.45,29.94,7.7,11-09-2020 15:50:00,11-09-2020 15:50:21
78.7,29.98,7.25,11-09-2020 15:55:00,11-09-2020 15:55:22
78.72,29.39,6.96,11-09-2020 16:00:00,11-09-2020 16:00:23
79.14,29.91,6.8,11-09-2020 16:05:00,11-09-2020 16:05:19
78.47,27.58,7.77,11-09-2020 16:10:00,11-09-2020 16:10:28
78.37,29.86,7.02,11-09-2020 16:15:00,11-09-2020 16:15:24
78.17,30.0,7.82,11-09-2020 16:20:00,11-09-2020 16:20:24
78.49,29.93,7.84,11-09-2020 16:25:00,11-09-2020 16:25:23
76.6,30.02,7.33,11-09-2020 16:30:00,11-09-2020 16:30:22
78.15,30.03,7.69,11-09-2020 16:35:00,11-09-2020 16:35:24
78.35,29.17,7.03,11-09-2020 16:40:00,11-09-2020 16:40:21
78.2,29.98,7.43,11-09-2020 16:45:00,11-09-2020 16:45:23
72.55,30.25,30.87,11-09-2020 16:50:00,11-09-2020 16:50:25
79.28,29.86,6.96,11-09-2020 16:55:00,11-09-2020 16:55:24
78.4,29.39,7.81,11-09-2020 17:00:00,11-09-2020 17:00:40
76.46,30.17,16.75,11-09-2020 17:05:00,11-09-2020 17:05:23
79.32,29.91,7.54,11-09-2020 17:10:00,11-09-2020 17:10:25
78.52,29.88,7.76,11-09-2020 17:15:00,11-09-2020 17:15:22
71.2,30.37,30.87,11-09-2020 17:20:00,11-09-2020 17:20:22
78.73,30.28,6.87,11-09-2020 17:25:00,11-09-2020 17:25:24
77.11,30.0,7.86,11-09-2020 17:30:00,11-09-2020 17:30:23
78.97,30.04,6.89,11-09-2020 17:35:00,11-09-2020 17:35:25
72.99,31.49,30.69,11-09-2020 17:40:00,11-09-2020 17:40:24
78.14,29.92,6.95,11-09-2020 17:45:00,11-09-2020 17:45:25
79.06,30.01,7.75,11-09-2020 17:50:00,11-09-2020 17:50:22
79.27,29.98,7.47,11-09-2020 17:55:00,11-09-2020 17:55:25
78.8,29.88,6.9,11-09-2020 18:00:00,11-09-2020 18:00:24
77.02,30.5,16.9,11-09-2020 18:05:00,11-09-2020 18:05:24
78.79,29.95,7.85,11-09-2020 18:10:00,11-09-2020 18:10:22
75.56,30.13,16.88,11-09-2020 18:15:00,11-09-2020 18:15:24
76.82,30.4,16.44,11-09-2020 18:20:00,11-09-2020 18:20:25
78.67,29.87,7.62,11-09-2020 18:25:00,11-09-2020 18:25:25
77.62,30.03,7.56,11-09-2020 18:30:00,11-09-2020 18:30:22
77.9,30.15,7.6,11-09-2020 18:35:00,11-09-2020 18:35:24
76.39,29.84,7.54,11-09-2020 18:40:00,11-09-2020 18:40:19
75.97,30.37,16.43,11-09-2020 18:45:00,11-09-2020 18:45:23
78.19,29.99,7.41,11-09-2020 18:50:00,11-09-2020 18:50:24
77.89,30.49,7.44,11-09-2020 18:55:00,11-09-2020 18:55:24
74.4,31.77,30.86,11-09-2020 19:00:00,11-09-2020 19:00:24
54.37,30.06,16.46,11-09-2020 19:05:00,11-09-2020 19:05:29
76.17,30.57,16.5,11-09-2020 19:10:00,11-09-2020 19:10:23
70.62,31.66,30.34,11-09-2020 19:15:00,11-09-2020 19:15:23
78.86,29.91,7.63,11-09-2020 19:20:00,11-09-2020 19:20:25
78.49,28.75,7.46,11-09-2020 19:25:00,11-09-2020 19:25:18
71.3,30.76,30.8,11-09-2020 19:30:00,11-09-2020 19:30:24
78.2,29.81,7.68,11-09-2020 19:35:00,11-09-2020 19:35:22
70.53,31.92,30.74,11-09-2020 19:40:00,11-09-2020 19:40:27
78.92,28.51,7.44,11-09-2020 19:45:00,11-09-2020 19:45:24
79.07,29.97,7.63,11-09-2020 19:50:00,11-09-2020 19:50:24
78.29,29.89,7.43,11-09-2020 19:55:00,11-09-2020 19:55:23
78.16,29.85,6.77,11-09-2020 20:00:00,11-09-2020 20:00:21
72.5,30.78,30.74,11-09-2020 20:05:00,11-09-2020 20:05:28
76.72,30.11,16.4,11-09-2020 20:10:00,11-09-2020 20:10:24
78.56,29.97,7.14,11-09-2020 20:15:00,11-09-2020 20:15:19
78.6,29.94,7.23,11-09-2020 20:20:00,11-09-2020 20:20:21
76.05,27.07,16.33,11-09-2020 20:25:00,11-09-2020 20:25:27
77.45,34.58,17.29,11-09-2020 20:30:00,11-09-2020 20:30:27
77.98,27.13,7.55,11-09-2020 20:35:00,11-09-2020 20:35:20
76.86,30.13,16.25,11-09-2020 20:40:00,11-09-2020 20:40:25
71.71,30.41,30.81,11-09-2020 20:45:00,11-09-2020 20:45:25
75.84,30.22,16.51,11-09-2020 20:50:00,11-09-2020 20:50:23
78.36,29.95,7.52,11-09-2020 20:55:00,11-09-2020 20:55:24
69.48,30.93,30.74,11-09-2020 21:00:00,11-09-2020 21:00:24
69.98,31.15,30.8,11-09-2020 21:05:00,11-09-2020 21:05:26
77.42,31.02,16.43,11-09-2020 21:10:00,11-09-2020 21:10:25
78.42,30.01,7.02,11-09-2020 21:15:00,11-09-2020 21:15:25
76.26,30.19,17.11,11-09-2020 21:20:00,11-09-2020 21:20:24
71.76,30.81,30.74,11-09-2020 21:25:00,11-09-2020 21:25:26
78.98,29.91,7.49,11-09-2020 21:30:00,11-09-2020 21:30:24
57.75,4.6,7.84,11-09-2020 21:35:00,11-09-2020 21:35:33
71.06,31.05,16.96,11-09-2020 21:40:00,11-09-2020 21:40:22
72.49,29.91,7.43,11-09-2020 21:45:00,11-09-2020 21:45:22
77.24,31.62,7.53,11-09-2020 21:50:00,11-09-2020 21:50:16
72.27,32.59,30.88,11-09-2020 21:55:00,11-09-2020 21:55:26
74.66,29.94,7.38,11-09-2020 22:00:00,11-09-2020 22:00:24
76.76,24.91,16.45,11-09-2020 22:05:00,11-09-2020 22:05:26
78.96,24.11,7.44,11-09-2020 22:10:00,11-09-2020 22:10:24
69.8,32.82,30.87,11-09-2020 22:15:00,11-09-2020 22:15:29
76.38,30.39,16.56,11-09-2020 22:20:00,11-09-2020 22:20:26
70.02,30.87,30.72,11-09-2020 22:25:00,11-09-2020 22:25:24
72.81,30.39,16.94,11-09-2020 22:30:00,11-09-2020 22:30:26
63.07,32.97,16.43,11-09-2020 22:35:00,11-09-2020 22:35:32
79.06,29.85,7.45,11-09-2020 22:40:00,11-09-2020 22:40:25
75.78,30.15,16.41,11-09-2020 22:45:00,11-09-2020 22:45:26
78.6,27.34,7.43,11-09-2020 22:50:00,11-09-2020 22:50:22
78.15,29.79,7.39,11-09-2020 22:55:00,11-09-2020 22:55:24
78.01,30.11,7.43,11-09-2020 23:00:00,11-09-2020 23:00:21
79.35,30.02,7.05,11-09-2020 23:05:00,11-09-2020 23:05:24
78.41,29.94,7.23,11-09-2020 23:10:00,11-09-2020 23:10:24
78.91,29.95,7.4,11-09-2020 23:15:00,11-09-2020 23:15:22
78.0,30.09,7.26,11-09-2020 23:20:00,11-09-2020 23:20:22
77.56,29.8,7.11,11-09-2020 23:25:00,11-09-2020 23:25:25
78.44,30.24,7.24,11-09-2020 23:30:00,11-09-2020 23:30:27
76.09,29.9,7.26,11-09-2020 23:35:00,11-09-2020 23:35:25
78.91,30.13,7.34,11-09-2020 23:40:00,11-09-2020 23:40:23
77.71,28.49,6.95,11-09-2020 23:45:00,11-09-2020 23:45:20
76.95,30.17,7.35,11-09-2020 23:50:00,11-09-2020 23:50:24
78.04,30.58,7.26,11-09-2020 23:55:00,11-09-2020 23:55:24
75.67,30.03,7.36,12-09-2020 00:00:00,12-09-2020 00:00:25
77.54,28.53,7.16,12-09-2020 00:05:00,12-09-2020 00:05:20
71.03,30.66,30.74,12-09-2020 00:10:00,12-09-2020 00:10:27
78.54,30.23,7.32,12-09-2020 00:15:00,12-09-2020 00:15:25
77.44,29.96,6.96,12-09-2020 00:20:00,12-09-2020 00:20:18
73.12,31.42,31.73,12-09-2020 00:25:00,12-09-2020 00:25:31
78.47,29.86,7.14,12-09-2020 00:30:00,12-09-2020 00:30:24
73.22,30.74,30.56,12-09-2020 00:35:00,12-09-2020 00:35:29
79.23,30.05,7.24,12-09-2020 00:40:00,12-09-2020 00:40:23
79.32,30.04,7.39,12-09-2020 00:45:00,12-09-2020 00:45:27
78.3,29.9,7.28,12-09-2020 00:50:00,12-09-2020 00:50:24
78.22,29.83,7.37,12-09-2020 00:55:00,12-09-2020 00:55:20
78.97,29.86,7.09,12-09-2020 01:00:00,12-09-2020 01:00:25
76.62,30.35,16.66,12-09-2020 01:05:00,12-09-2020 01:05:25
67.92,30.25,31.09,12-09-2020 01:10:00,12-09-2020 01:10:24
78.78,29.95,7.47,12-09-2020 01:15:00,12-09-2020 01:15:23
79.26,29.92,7.41,12-09-2020 01:20:00,12-09-2020 01:20:25
79.08,29.97,7.12,12-09-2020 01:25:00,12-09-2020 01:25:24
79.17,29.94,7.21,12-09-2020 01:30:00,12-09-2020 01:30:23
77.79,28.82,7.36,12-09-2020 01:35:00,12-09-2020 01:35:19
79.07,30.11,7.0,12-09-2020 01:40:00,12-09-2020 01:40:23
78.44,30.01,7.44,12-09-2020 01:45:00,12-09-2020 01:45:21
78.13,27.63,7.44,12-09-2020 01:50:00,12-09-2020 01:50:21
77.96,29.99,7.14,12-09-2020 01:55:00,12-09-2020 01:55:19
72.34,30.22,30.8,12-09-2020 02:00:00,12-09-2020 02:00:26
70.76,30.46,30.84,12-09-2020 02:05:00,12-09-2020 02:05:28
74.0,30.31,30.81,12-09-2020 02:10:00,12-09-2020 02:10:28
77.4,29.93,7.39,12-09-2020 02:15:00,12-09-2020 02:15:22
46.76,30.03,7.4,12-09-2020 02:20:00,12-09-2020 02:20:31
78.71,31.23,7.36,12-09-2020 02:25:00,12-09-2020 02:25:21
75.02,30.23,16.82,12-09-2020 02:30:00,12-09-2020 02:30:24
70.81,30.32,31.03,12-09-2020 02:35:00,12-09-2020 02:35:29
79.01,30.12,7.3,12-09-2020 02:40:00,12-09-2020 02:40:22
78.6,30.07,6.94,12-09-2020 02:45:00,12-09-2020 02:45:24
76.59,30.03,8.37,12-09-2020 02:50:00,12-09-2020 02:50:19
79.26,29.98,6.72,12-09-2020 02:55:00,12-09-2020 02:55:23
77.86,30.16,7.37,12-09-2020 03:00:00,12-09-2020 03:00:25
79.13,30.01,7.43,12-09-2020 03:05:00,12-09-2020 03:05:24
73.95,31.89,31.12,12-09-2020 03:10:00,12-09-2020 03:10:25
79.84,29.98,7.31,12-09-2020 03:15:00,12-09-2020 03:15:26
79.89,30.05,7.32,12-09-2020 03:20:00,12-09-2020 03:20:24
79.35,29.86,7.51,12-09-2020 03:25:00,12-09-2020 03:25:27
72.94,31.25,30.8,12-09-2020 03:30:00,12-09-2020 03:30:29
72.57,30.5,30.83,12-09-2020 03:35:00,12-09-2020 03:35:25
73.26,31.24,30.87,12-09-2020 03:40:00,12-09-2020 03:40:28
78.41,29.74,7.32,12-09-2020 03:45:00,12-09-2020 03:45:23
79.71,29.94,7.19,12-09-2020 03:50:00,12-09-2020 03:50:23
80.73,29.91,7.09,12-09-2020 03:55:00,12-09-2020 03:55:21
78.8,30.02,7.1,12-09-2020 04:00:00,12-09-2020 04:00:25
79.13,30.0,7.09,12-09-2020 04:05:00,12-09-2020 04:05:24
78.53,30.12,7.19,12-09-2020 04:10:00,12-09-2020 04:10:21
71.58,30.02,16.97,12-09-2020 04:15:00,12-09-2020 04:15:23
75.49,30.2,16.52,12-09-2020 04:20:00,12-09-2020 04:20:25
77.71,29.81,7.26,12-09-2020 04:25:00,12-09-2020 04:25:23
77.58,29.97,7.11,12-09-2020 04:30:00,12-09-2020 04:30:27
74.6,30.63,16.88,12-09-2020 04:35:00,12-09-2020 04:35:29
78.46,28.61,7.04,12-09-2020 04:40:00,12-09-2020 04:40:22
77.79,29.88,7.33,12-09-2020 04:45:00,12-09-2020 04:45:23
79.0,29.93,7.45,12-09-2020 04:50:00,12-09-2020 04:50:24
79.0,29.99,7.23,12-09-2020 04:55:00,12-09-2020 04:55:24
78.64,30.06,7.46,12-09-2020 05:00:00,12-09-2020 05:00:25
76.09,30.17,16.65,12-09-2020 05:05:00,12-09-2020 05:05:25
78.65,29.85,7.36,12-09-2020 05:10:00,12-09-2020 05:10:21
78.01,29.93,7.33,12-09-2020 05:15:00,12-09-2020 05:15:25
71.95,31.16,30.83,12-09-2020 05:20:00,12-09-2020 05:20:28
79.02,30.11,7.32,12-09-2020 05:25:00,12-09-2020 05:25:24
78.12,29.89,7.66,12-09-2020 05:30:00,12-09-2020 05:30:24
78.79,29.91,7.28,12-09-2020 05:35:00,12-09-2020 05:35:24
80.01,29.92,7.25,12-09-2020 05:40:00,12-09-2020 05:40:24
78.94,29.88,7.28,12-09-2020 05:45:00,12-09-2020 05:45:24
74.7,30.87,16.88,12-09-2020 05:50:00,12-09-2020 05:50:24
73.21,29.95,30.86,12-09-2020 05:55:00,12-09-2020 05:55:25
78.77,29.84,7.27,12-09-2020 06:00:00,12-09-2020 06:00:20
72.98,30.61,30.74,12-09-2020 06:05:00,12-09-2020 06:05:28
76.09,30.44,16.78,12-09-2020 06:10:00,12-09-2020 06:10:24
78.91,29.01,7.2,12-09-2020 06:15:00,12-09-2020 06:15:21
78.52,29.86,7.38,12-09-2020 06:20:00,12-09-2020 06:20:23
78.9,29.84,7.7,12-09-2020 06:25:00,12-09-2020 06:25:25
78.53,29.91,7.0,12-09-2020 06:30:00,12-09-2020 06:30:25
74.74,30.53,7.47,12-09-2020 06:35:00,12-09-2020 06:35:22
77.99,29.97,7.62,12-09-2020 06:40:00,12-09-2020 06:40:19
78.94,30.03,7.39,12-09-2020 06:45:00,12-09-2020 06:45:23
76.67,30.1,16.88,12-09-2020 06:50:00,12-09-2020 06:50:24
78.7,30.02,7.4,12-09-2020 06:55:00,12-09-2020 06:55:23
75.41,30.15,16.37,12-09-2020 07:00:00,12-09-2020 07:00:25
78.66,29.82,7.56,12-09-2020 07:05:00,12-09-2020 07:05:22
77.69,30.1,7.55,12-09-2020 07:10:00,12-09-2020 07:10:21
78.2,30.1,7.28,12-09-2020 07:15:00,12-09-2020 07:15:18
78.13,29.86,7.37,12-09-2020 07:20:00,12-09-2020 07:20:21
78.37,29.22,7.69,12-09-2020 07:25:00,12-09-2020 07:25:24
75.05,30.58,16.36,12-09-2020 07:30:00,12-09-2020 07:30:24
79.62,30.3,6.97,12-09-2020 07:35:00,12-09-2020 07:35:24
70.01,30.6,30.67,12-09-2020 07:40:00,12-09-2020 07:40:24
77.18,30.3,16.39,12-09-2020 07:45:00,12-09-2020 07:45:24
78.41,30.0,7.29,12-09-2020 07:50:00,12-09-2020 07:50:25
78.46,29.99,7.22,12-09-2020 07:55:00,12-09-2020 07:55:22
79.31,29.9,6.95,12-09-2020 08:00:00,12-09-2020 08:00:24
70.24,30.62,30.88,12-09-2020 08:05:00,12-09-2020 08:05:28
79.37,29.87,7.36,12-09-2020 08:10:00,12-09-2020 08:10:25
78.3,29.99,7.48,12-09-2020 08:15:00,12-09-2020 08:15:23
71.67,30.58,30.84,12-09-2020 08:20:00,12-09-2020 08:20:25
78.94,30.04,7.2,12-09-2020 08:25:00,12-09-2020 08:25:19
78.16,29.95,7.43,12-09-2020 08:30:00,12-09-2020 08:30:25
78.99,30.02,7.51,12-09-2020 08:35:00,12-09-2020 08:35:25
76.53,30.23,16.33,12-09-2020 08:40:00,12-09-2020 08:40:24
78.81,29.9,7.63,12-09-2020 08:45:00,12-09-2020 08:45:22
78.92,29.91,7.48,12-09-2020 08:50:00,12-09-2020 08:50:25
77.82,29.35,7.02,12-09-2020 08:55:00,12-09-2020 08:55:19
78.97,29.85,7.41,12-09-2020 09:00:00,12-09-2020 09:00:27
78.42,29.92,7.66,12-09-2020 09:05:00,12-09-2020 09:05:25
76.49,30.32,16.47,12-09-2020 09:10:00,12-09-2020 09:10:27
70.93,30.56,30.59,12-09-2020 09:15:00,12-09-2020 09:15:26
78.64,29.93,7.4,12-09-2020 09:20:00,12-09-2020 09:20:21
77.55,29.61,7.54,12-09-2020 09:25:00,12-09-2020 09:25:22
77.92,29.97,7.5,12-09-2020 09:30:00,12-09-2020 09:30:26
72.84,30.76,30.77,12-09-2020 09:35:00,12-09-2020 09:35:28
78.15,29.94,6.76,12-09-2020 09:40:00,12-09-2020 09:40:25
75.97,30.9,16.33,12-09-2020 09:45:00,12-09-2020 09:45:24
77.05,29.95,7.34,12-09-2020 09:50:00,12-09-2020 09:50:21
79.1,29.91,7.6,12-09-2020 09:55:00,12-09-2020 09:55:24
77.7,30.55,13.36,12-09-2020 10:00:00,12-09-2020 10:00:26
78.3,29.96,7.59,12-09-2020 10:05:00,12-09-2020 10:05:22
73.25,32.66,30.92,12-09-2020 10:10:00,12-09-2020 10:10:32
78.8,29.92,7.49,12-09-2020 10:15:00,12-09-2020 10:15:21
78.85,29.95,7.63,12-09-2020 10:20:00,12-09-2020 10:20:20
77.61,29.88,7.61,12-09-2020 10:25:00,12-09-2020 10:25:24
79.33,29.99,7.53,12-09-2020 10:30:00,12-09-2020 10:30:24
78.14,30.03,7.78,12-09-2020 10:35:00,12-09-2020 10:35:22
77.6,29.77,7.27,12-09-2020 10:40:00,12-09-2020 10:40:19
72.74,31.12,30.98,12-09-2020 10:45:00,12-09-2020 10:45:27
78.3,29.88,7.38,12-09-2020 10:50:00,12-09-2020 10:50:25
78.92,29.93,7.41,12-09-2020 10:55:00,12-09-2020 10:55:25
79.34,29.94,7.37,12-09-2020 11:00:00,12-09-2020 11:00:24
74.36,27.18,7.49,12-09-2020 11:05:00,12-09-2020 11:05:28
79.09,29.88,7.53,12-09-2020 11:10:00,12-09-2020 11:10:23
78.49,30.01,7.5,12-09-2020 11:15:00,12-09-2020 11:15:24
76.82,30.96,16.84,12-09-2020 11:20:00,12-09-2020 11:20:24
73.88,30.44,30.51,12-09-2020 11:25:00,12-09-2020 11:25:25
79.52,29.93,7.18,12-09-2020 11:30:00,12-09-2020 11:30:22
78.17,30.13,7.38,12-09-2020 11:35:00,12-09-2020 11:35:25
78.72,29.97,7.41,12-09-2020 11:40:00,12-09-2020 11:40:25
70.03,31.39,31.28,12-09-2020 11:45:00,12-09-2020 11:45:30
78.0,29.9,7.5,12-09-2020 11:50:00,12-09-2020 11:50:22
77.33,30.02,7.49,12-09-2020 11:55:00,12-09-2020 11:55:24
77.71,30.14,7.38,12-09-2020 12:00:00,12-09-2020 12:00:24
68.7,30.67,31.33,12-09-2020 12:05:00,12-09-2020 12:05:25
77.52,29.91,7.49,12-09-2020 12:10:00,12-09-2020 12:10:21
78.15,29.92,7.45,12-09-2020 12:15:00,12-09-2020 12:15:25
79.37,29.93,7.43,12-09-2020 12:20:00,12-09-2020 12:20:24
77.98,30.07,7.35,12-09-2020 12:25:00,12-09-2020 12:25:24
78.1,30.15,7.55,12-09-2020 12:30:00,12-09-2020 12:30:23
70.77,30.39,30.89,12-09-2020 12:35:00,12-09-2020 12:35:25
77.83,29.94,7.52,12-09-2020 12:40:00,12-09-2020 12:40:24
79.31,29.95,7.41,12-09-2020 12:45:00,12-09-2020 12:45:25
78.78,28.6,7.49,12-09-2020 12:50:00,12-09-2020 12:50:18
72.62,30.09,30.93,12-09-2020 12:55:00,12-09-2020 12:55:28
78.67,29.95,7.39,12-09-2020 13:00:00,12-09-2020 13:00:22
79.25,29.98,7.38,12-09-2020 13:05:00,12-09-2020 13:05:23
78.04,29.91,7.18,12-09-2020 13:10:00,12-09-2020 13:10:21
79.44,29.89,7.23,12-09-2020 13:15:00,12-09-2020 13:15:24
78.72,28.67,7.31,12-09-2020 13:20:00,12-09-2020 13:20:18
78.26,29.95,7.51,12-09-2020 13:25:00,12-09-2020 13:25:24
78.28,29.85,7.4,12-09-2020 13:30:00,12-09-2020 13:30:19
78.51,30.5,13.23,12-09-2020 13:35:00,12-09-2020 13:35:24
78.19,29.96,7.53,12-09-2020 13:40:00,12-09-2020 13:40:22
71.0,30.87,30.9,12-09-2020 13:45:00,12-09-2020 13:45:25
76.94,30.24,16.74,12-09-2020 13:50:00,12-09-2020 13:50:26
77.65,29.88,7.41,12-09-2020 13:55:00,12-09-2020 13:55:21
77.2,29.83,6.99,12-09-2020 14:00:00,12-09-2020 14:00:25
78.61,29.97,7.55,12-09-2020 14:05:00,12-09-2020 14:05:21
72.69,30.22,31.04,12-09-2020 14:10:00,12-09-2020 14:10:25
70.98,30.27,30.77,12-09-2020 14:15:00,12-09-2020 14:15:26
78.33,29.93,7.12,12-09-2020 14:20:00,12-09-2020 14:20:27
77.71,30.0,7.56,12-09-2020 14:25:00,12-09-2020 14:25:21
78.54,29.94,8.18,12-09-2020 14:30:00,12-09-2020 14:30:21
76.28,30.39,16.17,12-09-2020 14:35:00,12-09-2020 14:35:24
70.92,30.4,30.56,12-09-2020 14:40:00,12-09-2020 14:40:25
78.63,29.9,7.53,12-09-2020 14:45:00,12-09-2020 14:45:25
78.36,29.98,7.56,12-09-2020 14:50:00,12-09-2020 14:50:25
72.09,31.1,31.32,12-09-2020 14:55:00,12-09-2020 14:55:29
77.93,29.75,6.99,12-09-2020 15:00:00,12-09-2020 15:00:34
73.94,30.4,30.35,12-09-2020 15:05:00,12-09-2020 15:05:26
72.54,30.02,30.95,12-09-2020 15:10:00,12-09-2020 15:10:25
71.82,30.71,31.17,12-09-2020 15:15:00,12-09-2020 15:15:25
72.68,30.32,30.55,12-09-2020 15:20:00,12-09-2020 15:20:25
78.98,29.98,7.54,12-09-2020 15:25:00,12-09-2020 15:25:25
72.46,30.71,31.28,12-09-2020 15:30:00,12-09-2020 15:30:28
69.96,30.61,31.26,12-09-2020 15:35:00,12-09-2020 15:35:24
79.19,29.4,7.43,12-09-2020 15:40:00,12-09-2020 15:40:19
72.45,31.68,31.3,12-09-2020 15:45:00,12-09-2020 15:45:27
79.42,28.36,7.03,12-09-2020 15:50:00,12-09-2020 15:50:35
71.89,30.55,30.66,12-09-2020 15:55:00,12-09-2020 15:55:27
78.29,29.48,7.35,12-09-2020 16:00:00,12-09-2020 16:00:20
78.1,29.82,7.29,12-09-2020 16:05:00,12-09-2020 16:05:18
70.71,30.58,30.9,12-09-2020 16:10:00,12-09-2020 16:10:23
79.87,28.72,7.28,12-09-2020 16:15:00,12-09-2020 16:15:17
79.4,30.5,7.15,12-09-2020 16:20:00,12-09-2020 16:20:20
79.17,30.2,8.36,12-09-2020 16:25:00,12-09-2020 16:25:22
79.16,29.63,7.34,12-09-2020 16:30:00,12-09-2020 16:30:21
78.29,29.87,7.3,12-09-2020 16:35:00,12-09-2020 16:35:20
78.29,30.03,7.3,12-09-2020 16:40:00,12-09-2020 16:40:24
76.54,30.2,16.81,12-09-2020 16:45:00,12-09-2020 16:45:24
77.86,30.21,7.12,12-09-2020 16:50:00,12-09-2020 16:50:19
78.44,30.0,7.08,12-09-2020 16:55:00,12-09-2020 16:55:19
77.28,30.04,16.69,12-09-2020 17:00:00,12-09-2020 17:00:25
77.51,29.89,7.2,12-09-2020 17:05:00,12-09-2020 17:05:22
77.45,29.84,7.37,12-09-2020 17:10:00,12-09-2020 17:10:19
78.51,29.96,7.37,12-09-2020 17:15:00,12-09-2020 17:15:19
78.56,29.91,7.33,12-09-2020 17:20:00,12-09-2020 17:20:21
74.03,30.86,30.8,12-09-2020 17:25:00,12-09-2020 17:25:28
60.62,21.48,30.89,12-09-2020 17:30:00,12-09-2020 17:30:31
78.54,29.89,7.31,12-09-2020 17:35:00,12-09-2020 17:35:23
77.95,29.97,8.32,12-09-2020 17:40:00,12-09-2020 17:40:23
78.99,29.96,7.21,12-09-2020 17:45:00,12-09-2020 17:45:21
78.69,30.0,7.59,12-09-2020 17:50:00,12-09-2020 17:50:20
78.84,29.95,7.33,12-09-2020 17:55:00,12-09-2020 17:55:22
78.37,29.91,7.25,12-09-2020 18:00:00,12-09-2020 18:00:22
70.07,30.63,30.39,12-09-2020 18:05:00,12-09-2020 18:05:26
68.07,30.88,30.84,12-09-2020 18:10:00,12-09-2020 18:10:25
78.01,29.94,7.31,12-09-2020 18:15:00,12-09-2020 18:15:19
76.18,30.08,16.88,12-09-2020 18:20:00,12-09-2020 18:20:24
72.54,30.38,30.85,12-09-2020 18:25:00,12-09-2020 18:25:29
78.55,29.95,7.2,12-09-2020 18:30:00,12-09-2020 18:30:20
77.15,30.06,16.85,12-09-2020 18:35:00,12-09-2020 18:35:25
72.28,30.3,30.81,12-09-2020 18:40:00,12-09-2020 18:40:27
73.87,30.48,30.88,12-09-2020 18:45:00,12-09-2020 18:45:25
72.53,30.71,31.12,12-09-2020 18:50:00,12-09-2020 18:50:28
78.18,28.85,7.3,12-09-2020 18:55:00,12-09-2020 18:55:19
78.58,29.57,7.34,12-09-2020 19:00:00,12-09-2020 19:00:22
76.37,28.81,7.22,12-09-2020 19:05:00,12-09-2020 19:05:21
78.06,29.83,7.33,12-09-2020 19:10:00,12-09-2020 19:10:25
73.62,30.25,16.87,12-09-2020 19:15:00,12-09-2020 19:15:23
78.07,29.09,7.38,12-09-2020 19:20:00,12-09-2020 19:20:18
78.77,30.12,7.37,12-09-2020 19:25:00,12-09-2020 19:25:19
78.16,29.94,9.91,12-09-2020 19:30:00,12-09-2020 19:30:24
76.72,30.31,16.9,12-09-2020 19:35:00,12-09-2020 19:35:24
77.89,29.82,7.11,12-09-2020 19:40:00,12-09-2020 19:40:22
71.65,30.81,30.74,12-09-2020 19:45:00,12-09-2020 19:45:25
77.88,31.15,6.93,12-09-2020 19:50:00,12-09-2020 19:50:22
78.03,30.01,7.29,12-09-2020 19:55:00,12-09-2020 19:55:21
77.43,29.89,7.01,12-09-2020 20:00:00,12-09-2020 20:00:19
71.65,30.61,31.05,12-09-2020 20:05:00,12-09-2020 20:05:28
78.1,28.23,7.37,12-09-2020 20:10:00,12-09-2020 20:10:18
77.95,30.01,7.29,12-09-2020 20:15:00,12-09-2020 20:15:21
71.32,30.29,30.91,12-09-2020 20:20:00,12-09-2020 20:20:29
77.24,30.21,16.53,12-09-2020 20:25:00,12-09-2020 20:25:25
76.78,30.72,16.75,12-09-2020 20:30:00,12-09-2020 20:30:25
76.67,30.67,13.21,12-09-2020 20:35:00,12-09-2020 20:35:24
71.89,31.94,30.72,12-09-2020 20:40:00,12-09-2020 20:40:24
79.41,28.81,7.43,12-09-2020 20:45:00,12-09-2020 20:45:21
78.21,29.92,7.45,12-09-2020 20:50:00,12-09-2020 20:50:19
78.43,30.66,7.53,12-09-2020 20:55:00,12-09-2020 20:55:22
76.51,30.48,14.31,12-09-2020 21:00:00,12-09-2020 21:00:22
78.33,29.94,7.46,12-09-2020 21:05:00,12-09-2020 21:05:19
79.67,29.07,7.46,12-09-2020 21:10:00,12-09-2020 21:10:21
78.52,29.93,7.53,12-09-2020 21:15:00,12-09-2020 21:15:19
78.69,29.92,7.08,12-09-2020 21:20:00,12-09-2020 21:20:18
79.19,30.5,7.47,12-09-2020 21:25:00,12-09-2020 21:25:28
78.97,28.74,7.43,12-09-2020 21:30:00,12-09-2020 21:30:21
72.34,30.68,30.91,12-09-2020 21:35:00,12-09-2020 21:35:27
79.64,29.19,7.4,12-09-2020 21:40:00,12-09-2020 21:40:22
78.52,29.99,6.82,12-09-2020 21:45:00,12-09-2020 21:45:19
79.02,29.91,7.43,12-09-2020 21:50:00,12-09-2020 21:50:22
77.88,29.93,7.54,12-09-2020 21:55:00,12-09-2020 21:55:22
78.33,28.43,7.5,12-09-2020 22:00:00,12-09-2020 22:00:22
78.48,29.95,7.31,12-09-2020 22:05:00,12-09-2020 22:05:21
74.48,29.88,7.36,12-09-2020 22:10:00,12-09-2020 22:10:25
74.05,29.22,7.14,12-09-2020 22:15:00,12-09-2020 22:15:27
78.62,29.8,6.96,12-09-2020 22:20:00,12-09-2020 22:20:18
78.72,29.91,7.16,12-09-2020 22:25:00,12-09-2020 22:25:22
78.44,29.93,7.27,12-09-2020 22:30:00,12-09-2020 22:30:22
73.27,29.18,7.44,12-09-2020 22:35:00,12-09-2020 22:35:26
69.2,31.29,30.9,12-09-2020 22:40:00,12-09-2020 22:40:27
70.31,29.96,31.22,12-09-2020 22:45:00,12-09-2020 22:45:25
70.77,30.54,31.26,12-09-2020 22:50:00,12-09-2020 22:50:24
74.79,29.97,16.71,12-09-2020 22:55:00,12-09-2020 22:55:22
80.86,28.82,7.28,12-09-2020 23:00:00,12-09-2020 23:00:32
79.06,29.88,6.88,12-09-2020 23:05:00,12-09-2020 23:05:21
75.04,30.04,16.48,12-09-2020 23:10:00,12-09-2020 23:10:24
78.55,30.11,7.14,12-09-2020 23:15:00,12-09-2020 23:15:19
75.89,29.12,7.27,12-09-2020 23:20:00,12-09-2020 23:20:20
79.09,28.99,7.26,12-09-2020 23:25:00,12-09-2020 23:25:21
78.78,29.92,7.23,12-09-2020 23:30:00,12-09-2020 23:30:24
80.13,29.89,7.03,12-09-2020 23:35:00,12-09-2020 23:35:21
75.14,29.12,6.86,12-09-2020 23:40:00,12-09-2020 23:40:26
77.99,29.62,7.13,12-09-2020 23:45:00,12-09-2020 23:45:21
68.11,29.44,7.66,12-09-2020 23:50:00,12-09-2020 23:50:27
78.67,29.97,7.13,12-09-2020 23:55:00,12-09-2020 23:55:19
68.63,32.08,31.22,13-09-2020 00:00:00,13-09-2020 00:00:26
71.58,31.17,30.39,13-09-2020 00:05:00,13-09-2020 00:05:28
78.85,29.68,7.29,13-09-2020 00:10:00,13-09-2020 00:10:18
77.16,29.89,6.95,13-09-2020 00:15:00,13-09-2020 00:15:24
72.49,31.26,30.83,13-09-2020 00:20:00,13-09-2020 00:20:25
73.05,30.04,6.96,13-09-2020 00:25:00,13-09-2020 00:25:23
75.79,30.59,16.65,13-09-2020 00:30:00,13-09-2020 00:30:26
70.25,30.43,31.11,13-09-2020 00:35:00,13-09-2020 00:35:25
79.18,30.06,7.36,13-09-2020 00:40:00,13-09-2020 00:40:23
78.11,29.33,7.1,13-09-2020 00:45:00,13-09-2020 00:45:23
75.6,30.2,6.88,13-09-2020 00:50:00,13-09-2020 00:50:25
72.13,31.54,31.05,13-09-2020 00:55:00,13-09-2020 00:55:32
79.16,29.98,7.1,13-09-2020 01:00:00,13-09-2020 01:00:23
78.18,28.86,6.85,13-09-2020 01:05:00,13-09-2020 01:05:18
79.06,29.88,7.57,13-09-2020 01:10:00,13-09-2020 01:10:21
79.38,29.84,7.21,13-09-2020 01:15:00,13-09-2020 01:15:19
76.76,30.14,16.75,13-09-2020 01:20:00,13-09-2020 01:20:24
79.01,30.06,6.93,13-09-2020 01:25:00,13-09-2020 01:25:18
79.42,29.85,7.29,13-09-2020 01:30:00,13-09-2020 01:30:22
76.79,30.17,16.6,13-09-2020 01:35:00,13-09-2020 01:35:25
72.22,30.72,31.34,13-09-2020 01:40:00,13-09-2020 01:40:27
79.16,29.86,7.24,13-09-2020 01:45:00,13-09-2020 01:45:21
79.2,29.32,7.27,13-09-2020 01:50:00,13-09-2020 01:50:24
78.27,29.41,7.27,13-09-2020 01:55:00,13-09-2020 01:55:22
78.15,28.34,7.24,13-09-2020 02:00:00,13-09-2020 02:00:32
78.06,29.94,7.3,13-09-2020 02:05:00,13-09-2020 02:05:19
78.99,28.74,7.13,13-09-2020 02:10:00,13-09-2020 02:10:21
74.03,29.86,7.14,13-09-2020 02:15:00,13-09-2020 02:15:34
72.0,30.52,31.1,13-09-2020 02:20:00,13-09-2020 02:20:28
79.13,30.39,7.3,13-09-2020 02:25:00,13-09-2020 02:25:21
78.24,29.85,7.12,13-09-2020 02:30:00,13-09-2020 02:30:21
77.74,30.01,7.16,13-09-2020 02:35:00,13-09-2020 02:35:22
77.58,29.48,7.25,13-09-2020 02:40:00,13-09-2020 02:40:25
77.35,29.66,7.23,13-09-2020 02:45:00,13-09-2020 02:45:23
75.72,30.34,16.43,13-09-2020 02:50:00,13-09-2020 02:50:24
76.37,29.89,7.86,13-09-2020 02:55:00,13-09-2020 02:55:20
75.67,30.04,16.56,13-09-2020 03:00:00,13-09-2020 03:00:25
78.5,29.94,7.19,13-09-2020 03:05:00,13-09-2020 03:05:20
79.09,29.95,6.86,13-09-2020 03:10:00,13-09-2020 03:10:21
78.66,29.9,7.31,13-09-2020 03:15:00,13-09-2020 03:15:25
70.38,28.96,7.21,13-09-2020 03:20:00,13-09-2020 03:20:30
78.83,28.66,6.96,13-09-2020 03:25:00,13-09-2020 03:25:18
72.41,30.56,31.26,13-09-2020 03:30:00,13-09-2020 03:30:25
78.74,29.39,7.18,13-09-2020 03:35:00,13-09-2020 03:35:22
79.12,30.08,7.16,13-09-2020 03:40:00,13-09-2020 03:40:19
70.64,30.34,30.5,13-09-2020 03:45:00,13-09-2020 03:45:26
79.47,28.76,7.89,13-09-2020 03:50:00,13-09-2020 03:50:20
74.31,30.64,16.66,13-09-2020 03:55:00,13-09-2020 03:55:22
78.55,30.0,7.08,13-09-2020 04:00:00,13-09-2020 04:00:22
80.68,29.63,7.24,13-09-2020 04:05:00,13-09-2020 04:05:30
78.41,29.89,6.89,13-09-2020 04:10:00,13-09-2020 04:10:19
74.56,30.2,16.66,13-09-2020 04:15:00,13-09-2020 04:15:24
78.32,29.99,7.4,13-09-2020 04:20:00,13-09-2020 04:20:23
71.31,30.39,17.23,13-09-2020 04:25:00,13-09-2020 04:25:23
75.26,30.54,16.78,13-09-2020 04:30:00,13-09-2020 04:30:24
78.91,28.89,7.3,13-09-2020 04:35:00,13-09-2020 04:35:19
78.74,30.14,7.33,13-09-2020 04:40:00,13-09-2020 04:40:21
72.65,31.46,30.92,13-09-2020 04:45:00,13-09-2020 04:45:28
73.53,31.0,31.38,13-09-2020 04:50:00,13-09-2020 04:50:28
72.39,31.27,30.65,13-09-2020 04:55:00,13-09-2020 04:55:27
76.16,30.28,13.02,13-09-2020 05:00:00,13-09-2020 05:00:23
77.29,29.86,7.22,13-09-2020 05:05:00,13-09-2020 05:05:19
77.72,30.05,7.22,13-09-2020 05:10:00,13-09-2020 05:10:22
78.65,30.01,7.16,13-09-2020 05:15:00,13-09-2020 05:15:19
77.93,29.7,7.01,13-09-2020 05:20:00,13-09-2020 05:20:20
77.34,29.25,7.32,13-09-2020 05:25:00,13-09-2020 05:25:22
72.25,30.38,30.43,13-09-2020 05:30:00,13-09-2020 05:30:28
72.43,30.56,30.92,13-09-2020 05:35:00,13-09-2020 05:35:28
79.12,29.9,7.3,13-09-2020 05:40:00,13-09-2020 05:40:22
77.62,28.34,7.05,13-09-2020 05:45:00,13-09-2020 05:45:24
79.4,28.8,7.45,13-09-2020 05:50:00,13-09-2020 05:50:20
77.56,30.44,13.29,13-09-2020 05:55:00,13-09-2020 05:55:22
79.05,29.85,6.77,13-09-2020 06:00:00,13-09-2020 06:00:22
78.58,29.8,7.77,13-09-2020 06:05:00,13-09-2020 06:05:20
79.2,29.92,7.07,13-09-2020 06:10:00,13-09-2020 06:10:22
79.64,29.9,7.27,13-09-2020 06:15:00,13-09-2020 06:15:21
78.88,29.93,7.3,13-09-2020 06:20:00,13-09-2020 06:20:22
78.64,29.29,7.02,13-09-2020 06:25:00,13-09-2020 06:25:22
78.4,30.01,7.28,13-09-2020 06:30:00,13-09-2020 06:30:21
80.03,30.06,7.28,13-09-2020 06:35:00,13-09-2020 06:35:21
78.2,29.97,7.38,13-09-2020 06:40:00,13-09-2020 06:40:21
71.74,30.02,30.7,13-09-2020 06:45:00,13-09-2020 06:45:27
78.74,29.88,7.36,13-09-2020 06:50:00,13-09-2020 06:50:22
71.91,31.83,30.74,13-09-2020 06:55:00,13-09-2020 06:55:26
78.36,28.71,7.17,13-09-2020 07:00:00,13-09-2020 07:00:22
71.89,30.54,30.85,13-09-2020 07:05:00,13-09-2020 07:05:25
79.2,29.93,7.4,13-09-2020 07:10:00,13-09-2020 07:10:22
72.84,30.99,31.34,13-09-2020 07:15:00,13-09-2020 07:15:25
77.08,30.17,16.25,13-09-2020 07:20:00,13-09-2020 07:20:25
68.5,30.4,31.01,13-09-2020 07:25:00,13-09-2020 07:25:25
78.32,30.24,7.12,13-09-2020 07:30:00,13-09-2020 07:30:25
76.3,30.11,16.11,13-09-2020 07:35:00,13-09-2020 07:35:25
78.23,30.21,7.38,13-09-2020 07:40:00,13-09-2020 07:40:22
72.31,30.7,30.83,13-09-2020 07:45:00,13-09-2020 07:45:25
77.91,29.16,7.5,13-09-2020 07:50:00,13-09-2020 07:50:22
76.32,30.33,17.03,13-09-2020 07:55:00,13-09-2020 07:55:25
73.04,30.96,30.73,13-09-2020 08:00:00,13-09-2020 08:00:29
78.81,30.03,6.6,13-09-2020 08:05:00,13-09-2020 08:05:20
77.0,30.71,16.87,13-09-2020 08:10:00,13-09-2020 08:10:24
74.86,30.24,17.08,13-09-2020 08:15:00,13-09-2020 08:15:26
77.97,29.55,7.44,13-09-2020 08:20:00,13-09-2020 08:20:29
78.7,29.89,7.41,13-09-2020 08:25:00,13-09-2020 08:25:23
78.63,29.96,7.45,13-09-2020 08:30:00,13-09-2020 08:30:19
78.25,29.98,7.47,13-09-2020 08:35:00,13-09-2020 08:35:21
78.68,29.83,7.46,13-09-2020 08:40:00,13-09-2020 08:40:24
76.93,30.32,16.9,13-09-2020 08:45:00,13-09-2020 08:45:24
79.82,29.81,7.17,13-09-2020 08:50:00,13-09-2020 08:50:20
79.18,29.88,7.53,13-09-2020 08:55:00,13-09-2020 08:55:22
79.33,29.61,7.41,13-09-2020 09:00:00,13-09-2020 09:00:22
78.6,29.86,7.44,13-09-2020 09:05:00,13-09-2020 09:05:19
78.29,30.0,7.35,13-09-2020 09:10:00,13-09-2020 09:10:19
77.68,29.78,7.36,13-09-2020 09:15:00,13-09-2020 09:15:23
78.85,29.94,7.28,13-09-2020 09:20:00,13-09-2020 09:20:24
78.21,28.99,7.32,13-09-2020 09:25:00,13-09-2020 09:25:21
78.29,30.05,7.48,13-09-2020 09:30:00,13-09-2020 09:30:20
76.87,29.83,6.95,13-09-2020 09:35:00,13-09-2020 09:35:19
76.68,30.87,14.08,13-09-2020 09:40:00,13-09-2020 09:40:24
69.95,30.58,30.74,13-09-2020 09:45:00,13-09-2020 09:45:24
77.87,29.99,7.09,13-09-2020 09:50:00,13-09-2020 09:50:22
77.48,29.98,7.23,13-09-2020 09:55:00,13-09-2020 09:55:19
77.54,28.64,6.96,13-09-2020 10:00:00,13-09-2020 10:00:25
73.82,30.78,30.86,13-09-2020 10:05:00,13-09-2020 10:05:28
79.13,29.9,7.37,13-09-2020 10:10:00,13-09-2020 10:10:20
77.1,28.91,7.01,13-09-2020 10:15:00,13-09-2020 10:15:22
67.05,30.83,31.11,13-09-2020 10:20:00,13-09-2020 10:20:24
78.36,30.01,7.44,13-09-2020 10:25:00,13-09-2020 10:25:21
77.34,30.03,16.91,13-09-2020 10:30:00,13-09-2020 10:30:25
79.38,30.02,7.36,13-09-2020 10:35:00,13-09-2020 10:35:23
72.65,31.25,31.07,13-09-2020 10:40:00,13-09-2020 10:40:29
71.2,30.58,31.22,13-09-2020 10:45:00,13-09-2020 10:45:27
71.97,30.03,30.44,13-09-2020 10:50:00,13-09-2020 10:50:25
72.55,31.02,30.94,13-09-2020 10:55:00,13-09-2020 10:55:28
70.27,27.86,7.22,13-09-2020 11:00:00,13-09-2020 11:00:27
78.24,29.94,7.13,13-09-2020 11:05:00,13-09-2020 11:05:18
69.93,30.23,30.71,13-09-2020 11:10:00,13-09-2020 11:10:25
79.63,30.97,7.44,13-09-2020 11:15:00,13-09-2020 11:15:18
76.35,30.66,16.81,13-09-2020 11:20:00,13-09-2020 11:20:28
79.12,29.87,7.09,13-09-2020 11:25:00,13-09-2020 11:25:23
72.73,27.27,7.46,13-09-2020 11:30:00,13-09-2020 11:30:24
78.8,29.99,7.27,13-09-2020 11:35:00,13-09-2020 11:35:22
73.4,28.4,7.06,13-09-2020 11:40:00,13-09-2020 11:40:24
70.05,30.71,30.86,13-09-2020 11:45:00,13-09-2020 11:45:25
78.38,29.87,6.98,13-09-2020 11:50:00,13-09-2020 11:50:19
78.32,29.21,6.96,13-09-2020 11:55:00,13-09-2020 11:55:20
72.78,31.13,30.61,13-09-2020 12:00:00,13-09-2020 12:00:27
71.97,29.0,7.31,13-09-2020 12:05:00,13-09-2020 12:05:24
75.96,29.18,7.56,13-09-2020 12:10:00,13-09-2020 12:10:25
78.58,29.93,7.45,13-09-2020 12:15:00,13-09-2020 12:15:22
78.06,29.91,7.49,13-09-2020 12:20:00,13-09-2020 12:20:19
78.99,27.75,7.05,13-09-2020 12:25:00,13-09-2020 12:25:19
77.28,27.19,7.45,13-09-2020 12:30:00,13-09-2020 12:30:28
76.25,29.87,7.06,13-09-2020 12:35:00,13-09-2020 12:35:19
69.47,31.28,30.99,13-09-2020 12:40:00,13-09-2020 12:40:26
76.21,30.46,16.19,13-09-2020 12:45:00,13-09-2020 12:45:24
77.65,30.69,13.95,13-09-2020 12:50:00,13-09-2020 12:50:25
76.86,29.9,7.25,13-09-2020 12:55:00,13-09-2020 12:55:21
78.0,30.06,7.26,13-09-2020 13:00:00,13-09-2020 13:00:22
79.19,29.87,7.04,13-09-2020 13:05:00,13-09-2020 13:05:24
77.37,28.56,7.3,13-09-2020 13:10:00,13-09-2020 13:10:28
77.94,29.8,7.38,13-09-2020 13:15:00,13-09-2020 13:15:21
78.82,27.96,7.4,13-09-2020 13:20:00,13-09-2020 13:20:21
78.04,28.33,7.42,13-09-2020 13:25:00,13-09-2020 13:25:21
79.87,30.99,7.43,13-09-2020 13:30:00,13-09-2020 13:30:18
79.73,28.69,7.45,13-09-2020 13:35:00,13-09-2020 13:35:22
70.01,30.47,31.37,13-09-2020 13:40:00,13-09-2020 13:40:26
72.68,30.38,30.69,13-09-2020 13:45:00,13-09-2020 13:45:25
78.75,28.67,7.32,13-09-2020 13:50:00,13-09-2020 13:50:21
78.94,28.3,6.91,13-09-2020 13:55:00,13-09-2020 13:55:18
77.58,28.59,7.28,13-09-2020 14:00:00,13-09-2020 14:00:18
75.42,29.42,7.52,13-09-2020 14:05:00,13-09-2020 14:05:21
78.11,30.5,6.94,13-09-2020 14:10:00,13-09-2020 14:10:22
78.12,28.2,7.47,13-09-2020 14:15:00,13-09-2020 14:15:18
79.8,28.7,7.31,13-09-2020 14:20:00,13-09-2020 14:20:32
73.74,30.15,30.54,13-09-2020 14:25:00,13-09-2020 14:25:28
78.49,28.81,7.33,13-09-2020 14:30:00,13-09-2020 14:30:23
74.21,30.6,30.86,13-09-2020 14:35:00,13-09-2020 14:35:28
70.93,30.32,31.37,13-09-2020 14:40:00,13-09-2020 14:40:27
78.48,29.86,7.32,13-09-2020 14:45:00,13-09-2020 14:45:25
72.04,28.73,7.57,13-09-2020 14:50:00,13-09-2020 14:50:25
73.35,28.41,7.07,13-09-2020 14:55:00,13-09-2020 14:55:28
77.69,28.71,7.35,13-09-2020 15:00:00,13-09-2020 15:00:20
78.93,30.53,7.33,13-09-2020 15:05:00,13-09-2020 15:05:23
76.26,30.3,17.08,13-09-2020 15:10:00,13-09-2020 15:10:24
77.93,29.9,7.44,13-09-2020 15:15:00,13-09-2020 15:15:22
71.07,30.56,30.72,13-09-2020 15:20:00,13-09-2020 15:20:30
79.19,30.14,7.2,13-09-2020 15:25:00,13-09-2020 15:25:22
78.88,28.46,6.88,13-09-2020 15:30:00,13-09-2020 15:30:19
78.94,30.04,7.4,13-09-2020 15:35:00,13-09-2020 15:35:27
77.52,30.13,7.38,13-09-2020 15:40:00,13-09-2020 15:40:22
78.75,30.04,7.66,13-09-2020 15:45:00,13-09-2020 15:45:23
79.75,27.95,7.65,13-09-2020 15:50:00,13-09-2020 15:50:21
72.19,31.07,31.31,13-09-2020 15:55:00,13-09-2020 15:55:26
71.19,30.9,30.86,13-09-2020 16:00:00,13-09-2020 16:00:25
71.04,29.42,6.8,13-09-2020 16:05:00,13-09-2020 16:05:25
78.5,29.88,7.38,13-09-2020 16:10:00,13-09-2020 16:10:23
72.63,32.6,31.45,13-09-2020 16:15:00,13-09-2020 16:15:30
78.78,28.23,7.8,13-09-2020 16:20:00,13-09-2020 16:20:21
72.17,30.64,31.32,13-09-2020 16:25:00,13-09-2020 16:25:26
76.35,27.86,6.79,13-09-2020 16:30:00,13-09-2020 16:30:31
66.71,30.33,30.57,13-09-2020 16:35:00,13-09-2020 16:35:24
78.99,27.74,7.48,13-09-2020 16:40:00,13-09-2020 16:40:20
78.48,27.73,7.79,13-09-2020 16:45:00,13-09-2020 16:45:22
72.9,30.79,16.5,13-09-2020 16:50:00,13-09-2020 16:50:22
77.7,28.92,7.69,13-09-2020 16:55:00,13-09-2020 16:55:22
78.66,29.51,7.07,13-09-2020 17:00:00,13-09-2020 17:00:21
66.8,31.1,30.78,13-09-2020 17:05:00,13-09-2020 17:05:24
77.35,28.52,7.89,13-09-2020 17:10:00,13-09-2020 17:10:19
79.48,27.7,7.89,13-09-2020 17:15:00,13-09-2020 17:15:20
78.9,29.88,7.53,13-09-2020 17:20:00,13-09-2020 17:20:19
77.36,29.51,7.88,13-09-2020 17:25:00,13-09-2020 17:25:21
78.81,28.79,7.83,13-09-2020 17:30:00,13-09-2020 17:30:18
78.16,27.76,6.99,13-09-2020 17:35:00,13-09-2020 17:35:18
78.64,30.25,7.86,13-09-2020 17:40:00,13-09-2020 17:40:25
79.35,28.24,6.95,13-09-2020 17:45:00,13-09-2020 17:45:18
78.41,29.5,7.78,13-09-2020 17:50:00,13-09-2020 17:50:26
77.4,29.87,6.98,13-09-2020 17:55:00,13-09-2020 17:55:19
77.68,30.14,6.9,13-09-2020 18:00:00,13-09-2020 18:00:31
68.39,30.93,30.72,13-09-2020 18:05:00,13-09-2020 18:05:25
78.97,29.99,7.73,13-09-2020 18:10:00,13-09-2020 18:10:24
78.33,29.91,6.9,13-09-2020 18:15:00,13-09-2020 18:15:26
79.7,28.8,7.19,13-09-2020 18:20:00,13-09-2020 18:20:27
76.47,27.78,7.78,13-09-2020 18:25:00,13-09-2020 18:25:22
78.91,28.08,7.0,13-09-2020 18:30:00,13-09-2020 18:30:21
74.96,31.14,7.67,13-09-2020 18:35:00,13-09-2020 18:35:24
74.67,28.3,6.93,13-09-2020 18:40:00,13-09-2020 18:40:24
62.16,30.65,30.81,13-09-2020 18:45:00,13-09-2020 18:45:28
61.4,29.32,7.04,13-09-2020 18:50:00,13-09-2020 18:50:32
74.13,31.17,30.97,13-09-2020 18:55:00,13-09-2020 18:55:32
76.35,29.66,6.73,13-09-2020 19:00:00,13-09-2020 19:00:19
69.24,29.31,7.85,13-09-2020 19:05:00,13-09-2020 19:05:22
78.6,28.8,6.82,13-09-2020 19:10:00,13-09-2020 19:10:23
78.15,28.65,7.07,13-09-2020 19:15:00,13-09-2020 19:15:26
69.72,31.71,31.43,13-09-2020 19:20:00,13-09-2020 19:20:30
68.87,31.96,30.79,13-09-2020 19:25:00,13-09-2020 19:25:24
77.36,31.67,9.99,13-09-2020 19:30:00,13-09-2020 19:30:29
69.86,30.3,30.95,13-09-2020 19:35:00,13-09-2020 19:35:28
77.43,30.41,6.89,13-09-2020 19:40:00,13-09-2020 19:40:19
70.98,35.41,7.76,13-09-2020 19:45:00,13-09-2020 19:45:29
67.13,28.78,7.84,13-09-2020 19:50:00,13-09-2020 19:50:29
76.74,31.39,6.81,13-09-2020 19:55:00,13-09-2020 19:55:19
71.58,33.04,7.58,13-09-2020 20:00:00,13-09-2020 20:00:33
56.13,34.2,7.66,13-09-2020 20:05:00,13-09-2020 20:05:36
74.88,27.99,7.1,13-09-2020 20:10:00,13-09-2020 20:10:25
29.81,26.34,16.62,13-09-2020 20:15:00,13-09-2020 20:15:31
67.89,32.87,16.74,13-09-2020 20:20:00,13-09-2020 20:20:31
64.33,28.64,6.84,13-09-2020 20:25:00,13-09-2020 20:25:26
69.75,27.31,7.7,13-09-2020 20:30:00,13-09-2020 20:30:26
79.93,29.87,7.53,13-09-2020 20:35:00,13-09-2020 20:35:33
72.12,30.87,7.84,13-09-2020 20:40:00,13-09-2020 20:40:30
66.65,30.32,7.11,13-09-2020 20:45:00,13-09-2020 20:45:25
44.78,30.03,7.85,13-09-2020 20:50:00,13-09-2020 20:50:30
58.79,27.67,7.83,13-09-2020 20:55:00,13-09-2020 20:55:29
63.52,31.36,7.27,13-09-2020 21:00:00,13-09-2020 21:00:28
67.43,26.36,7.49,13-09-2020 21:05:00,13-09-2020 21:05:29
71.56,30.63,14.71,13-09-2020 21:10:00,13-09-2020 21:10:28
49.36,32.01,7.86,13-09-2020 21:15:00,13-09-2020 21:15:24
53.73,33.41,30.85,13-09-2020 21:20:00,13-09-2020 21:20:29
65.72,28.43,7.16,13-09-2020 21:25:00,13-09-2020 21:25:28
76.32,31.14,7.5,13-09-2020 21:30:00,13-09-2020 21:30:30
68.51,29.92,7.85,13-09-2020 21:35:00,13-09-2020 21:35:29
70.73,30.2,31.09,13-09-2020 21:40:00,13-09-2020 21:40:28
64.22,31.33,30.86,13-09-2020 21:45:00,13-09-2020 21:45:31
65.16,30.51,7.73,13-09-2020 21:50:00,13-09-2020 21:50:29
68.72,30.71,13.83,13-09-2020 21:55:00,13-09-2020 21:55:25
80.22,32.83,7.74,13-09-2020 22:00:00,13-09-2020 22:00:23
62.32,32.82,6.86,13-09-2020 22:05:00,13-09-2020 22:05:31
61.62,33.84,7.47,13-09-2020 22:10:00,13-09-2020 22:10:23
66.73,30.55,7.5,13-09-2020 22:15:00,13-09-2020 22:15:20
66.87,30.53,30.49,13-09-2020 22:20:00,13-09-2020 22:20:29
66.99,31.0,30.98,13-09-2020 22:25:00,13-09-2020 22:25:31
78.93,30.65,6.88,13-09-2020 22:30:00,13-09-2020 22:30:22
77.96,28.47,6.88,13-09-2020 22:35:00,13-09-2020 22:35:25
70.74,26.87,6.9,13-09-2020 22:40:00,13-09-2020 22:40:27
72.7,31.09,30.67,13-09-2020 22:45:00,13-09-2020 22:45:29
33.5,29.78,7.66,13-09-2020 22:50:00,13-09-2020 22:50:27
78.3,28.68,7.36,13-09-2020 22:55:00,13-09-2020 22:55:20
78.33,27.76,7.8,13-09-2020 23:00:00,13-09-2020 23:00:22
77.47,29.96,6.79,13-09-2020 23:05:00,13-09-2020 23:05:21
76.61,30.86,16.33,13-09-2020 23:10:00,13-09-2020 23:10:25
67.34,28.46,7.52,13-09-2020 23:15:00,13-09-2020 23:15:29
78.36,27.96,7.36,13-09-2020 23:20:00,13-09-2020 23:20:24
70.37,28.27,7.59,13-09-2020 23:25:00,13-09-2020 23:25:24
74.09,30.43,16.34,13-09-2020 23:30:00,13-09-2020 23:30:26
70.54,30.72,30.73,13-09-2020 23:35:00,13-09-2020 23:35:24
79.75,30.02,7.26,13-09-2020 23:40:00,13-09-2020 23:40:24
79.21,28.86,7.5,13-09-2020 23:45:00,13-09-2020 23:45:22
71.91,31.65,30.78,13-09-2020 23:50:00,13-09-2020 23:50:28
69.98,30.63,30.76,13-09-2020 23:55:00,13-09-2020 23:55:26
77.73,29.99,7.05,14-09-2020 00:00:00,14-09-2020 00:00:22
77.82,31.01,9.68,14-09-2020 00:05:00,14-09-2020 00:05:25
78.57,29.88,6.91,14-09-2020 00:10:00,14-09-2020 00:10:22
79.11,30.06,6.87,14-09-2020 00:15:00,14-09-2020 00:15:24
70.93,30.2,31.1,14-09-2020 00:20:00,14-09-2020 00:20:29
78.16,30.09,7.18,14-09-2020 00:25:00,14-09-2020 00:25:21
77.24,28.72,13.01,14-09-2020 00:30:00,14-09-2020 00:30:23
78.9,29.85,7.25,14-09-2020 00:35:00,14-09-2020 00:35:22
77.3,30.01,7.45,14-09-2020 00:40:00,14-09-2020 00:40:20
78.07,30.0,7.41,14-09-2020 00:45:00,14-09-2020 00:45:22
74.42,30.17,16.56,14-09-2020 00:50:00,14-09-2020 00:50:24
60.12,27.86,16.08,14-09-2020 00:55:00,14-09-2020 00:55:27
78.04,29.85,7.61,14-09-2020 01:00:00,14-09-2020 01:00:22
71.18,30.34,30.86,14-09-2020 01:05:00,14-09-2020 01:05:25
74.17,30.24,16.49,14-09-2020 01:10:00,14-09-2020 01:10:24
79.54,28.22,10.46,14-09-2020 01:15:00,14-09-2020 01:15:24
71.7,31.71,30.83,14-09-2020 01:20:00,14-09-2020 01:20:28
74.04,30.53,16.9,14-09-2020 01:25:00,14-09-2020 01:25:27
71.71,31.48,30.97,14-09-2020 01:30:00,14-09-2020 01:30:28
77.61,29.89,7.69,14-09-2020 01:35:00,14-09-2020 01:35:25
79.03,31.06,7.53,14-09-2020 01:40:00,14-09-2020 01:40:22
78.5,28.58,7.61,14-09-2020 01:45:00,14-09-2020 01:45:26
77.59,27.7,7.53,14-09-2020 01:50:00,14-09-2020 01:50:28
67.36,28.06,7.11,14-09-2020 01:55:00,14-09-2020 01:55:28
79.14,30.03,7.47,14-09-2020 02:00:00,14-09-2020 02:00:23
68.0,31.12,30.79,14-09-2020 02:05:00,14-09-2020 02:05:24
79.89,30.14,7.23,14-09-2020 02:10:00,14-09-2020 02:10:22
79.61,29.99,7.0,14-09-2020 02:15:00,14-09-2020 02:15:23
78.33,30.1,7.5,14-09-2020 02:20:00,14-09-2020 02:20:22
77.81,27.52,7.14,14-09-2020 02:25:00,14-09-2020 02:25:20
70.37,32.42,30.92,14-09-2020 02:30:00,14-09-2020 02:30:28
78.82,28.06,7.52,14-09-2020 02:35:00,14-09-2020 02:35:23
75.72,29.89,16.64,14-09-2020 02:40:00,14-09-2020 02:40:24
77.77,27.99,7.21,14-09-2020 02:45:00,14-09-2020 02:45:22
77.91,29.9,7.12,14-09-2020 02:50:00,14-09-2020 02:50:22
76.43,30.28,16.27,14-09-2020 02:55:00,14-09-2020 02:55:25
79.28,28.73,7.64,14-09-2020 03:00:00,14-09-2020 03:00:25
73.17,31.02,30.96,14-09-2020 03:05:00,14-09-2020 03:05:28
71.35,27.91,7.5,14-09-2020 03:10:00,14-09-2020 03:10:29
78.39,29.89,6.8,14-09-2020 03:15:00,14-09-2020 03:15:22
75.97,30.42,16.64,14-09-2020 03:20:00,14-09-2020 03:20:26
79.18,26.91,7.69,14-09-2020 03:25:00,14-09-2020 03:25:21
76.81,29.91,7.63,14-09-2020 03:30:00,14-09-2020 03:30:21
77.48,27.66,7.54,14-09-2020 03:35:00,14-09-2020 03:35:27
78.19,29.82,6.69,14-09-2020 03:40:00,14-09-2020 03:40:24
72.4,31.08,31.81,14-09-2020 03:45:00,14-09-2020 03:45:29
71.17,30.92,31.51,14-09-2020 03:50:00,14-09-2020 03:50:24
69.67,32.44,30.9,14-09-2020 03:55:00,14-09-2020 03:55:26
78.51,30.0,7.54,14-09-2020 04:00:00,14-09-2020 04:00:23
79.4,30.47,7.19,14-09-2020 04:05:00,14-09-2020 04:05:21
73.58,30.27,16.42,14-09-2020 04:10:00,14-09-2020 04:10:25
73.04,30.52,31.37,14-09-2020 04:15:00,14-09-2020 04:15:26
75.18,30.19,16.54,14-09-2020 04:20:00,14-09-2020 04:20:25
78.83,30.06,7.07,14-09-2020 04:25:00,14-09-2020 04:25:23
73.85,30.85,31.19,14-09-2020 04:30:00,14-09-2020 04:30:31
76.68,29.96,17.23,14-09-2020 04:35:00,14-09-2020 04:35:29
68.08,30.37,30.95,14-09-2020 04:40:00,14-09-2020 04:40:29
69.27,27.22,6.89,14-09-2020 04:45:00,14-09-2020 04:45:29
71.44,31.81,30.7,14-09-2020 04:50:00,14-09-2020 04:50:28
69.73,28.37,7.4,14-09-2020 04:55:00,14-09-2020 04:55:28
70.66,32.46,30.77,14-09-2020 05:00:00,14-09-2020 05:00:27
78.68,32.11,7.68,14-09-2020 05:05:00,14-09-2020 05:05:25
78.63,31.39,6.75,14-09-2020 05:10:00,14-09-2020 05:10:23
78.46,26.49,7.6,14-09-2020 05:15:00,14-09-2020 05:15:23
68.94,31.32,30.99,14-09-2020 05:20:00,14-09-2020 05:20:27
70.71,30.73,30.86,14-09-2020 05:25:00,14-09-2020 05:25:26
68.8,31.3,7.65,14-09-2020 05:30:00,14-09-2020 05:30:27
77.26,29.92,6.92,14-09-2020 05:35:00,14-09-2020 05:35:19
68.38,30.05,7.14,14-09-2020 05:40:00,14-09-2020 05:40:31
72.78,29.0,7.3,14-09-2020 05:45:00,14-09-2020 05:45:32
69.38,32.31,31.06,14-09-2020 05:50:00,14-09-2020 05:50:28
75.24,30.19,16.89,14-09-2020 05:55:00,14-09-2020 05:55:26
71.19,31.72,31.02,14-09-2020 06:00:00,14-09-2020 06:00:27
76.47,29.89,7.21,14-09-2020 06:05:00,14-09-2020 06:05:26
77.2,30.71,7.71,14-09-2020 06:10:00,14-09-2020 06:10:23
77.69,31.11,7.67,14-09-2020 06:15:00,14-09-2020 06:15:19
63.65,30.07,16.55,14-09-2020 06:20:00,14-09-2020 06:20:24
67.69,30.42,30.61,14-09-2020 06:25:00,14-09-2020 06:25:28
67.92,31.29,30.57,14-09-2020 06:30:00,14-09-2020 06:30:26
70.64,31.78,30.85,14-09-2020 06:35:00,14-09-2020 06:35:28
75.07,31.21,6.92,14-09-2020 06:40:00,14-09-2020 06:40:26
73.81,31.86,30.87,14-09-2020 06:45:00,14-09-2020 06:45:29
79.56,28.79,6.86,14-09-2020 06:50:00,14-09-2020 06:50:22
78.26,28.63,7.41,14-09-2020 06:55:00,14-09-2020 06:55:24
79.4,27.32,7.68,14-09-2020 07:00:00,14-09-2020 07:00:23
71.66,31.14,30.75,14-09-2020 07:05:00,14-09-2020 07:05:27
69.45,31.09,30.92,14-09-2020 07:10:00,14-09-2020 07:10:27
71.33,32.69,30.62,14-09-2020 07:15:00,14-09-2020 07:15:25
72.59,27.95,6.92,14-09-2020 07:20:00,14-09-2020 07:20:28
77.64,30.81,6.91,14-09-2020 07:25:00,14-09-2020 07:25:25
78.26,27.66,6.97,14-09-2020 07:30:00,14-09-2020 07:30:22
76.21,27.23,6.93,14-09-2020 07:35:00,14-09-2020 07:35:25
78.61,31.03,7.41,14-09-2020 07:40:00,14-09-2020 07:40:23
70.83,31.78,30.73,14-09-2020 07:45:00,14-09-2020 07:45:26
78.96,31.32,7.39,14-09-2020 07:50:00,14-09-2020 07:50:22
73.3,31.3,30.76,14-09-2020 07:55:00,14-09-2020 07:55:30
67.78,28.9,7.63,14-09-2020 08:00:00,14-09-2020 08:00:29
75.04,28.04,6.89,14-09-2020 08:05:00,14-09-2020 08:05:28
69.63,26.62,6.89,14-09-2020 08:10:00,14-09-2020 08:10:26
74.03,31.53,30.88,14-09-2020 08:15:00,14-09-2020 08:15:31
75.66,28.31,7.84,14-09-2020 08:20:00,14-09-2020 08:20:23
76.84,26.88,7.49,14-09-2020 08:25:00,14-09-2020 08:25:21
71.91,31.8,30.76,14-09-2020 08:30:00,14-09-2020 08:30:30
70.64,32.06,30.86,14-09-2020 08:35:00,14-09-2020 08:35:26
78.36,28.07,7.59,14-09-2020 08:40:00,14-09-2020 08:40:24
78.78,27.02,7.45,14-09-2020 08:45:00,14-09-2020 08:45:22
78.6,28.6,7.25,14-09-2020 08:50:00,14-09-2020 08:50:24
78.82,28.29,7.56,14-09-2020 08:55:00,14-09-2020 08:55:33
80.43,28.31,7.55,14-09-2020 09:00:00,14-09-2020 09:00:26
69.46,28.24,7.11,14-09-2020 09:05:00,14-09-2020 09:05:29
77.34,30.71,7.87,14-09-2020 09:10:00,14-09-2020 09:10:32
77.82,28.09,6.89,14-09-2020 09:15:00,14-09-2020 09:15:22
79.23,27.77,6.92,14-09-2020 09:20:00,14-09-2020 09:20:22
78.82,28.2,7.82,14-09-2020 09:25:00,14-09-2020 09:25:22
73.24,35.73,30.76,14-09-2020 09:30:00,14-09-2020 09:30:20
72.28,27.79,6.73,14-09-2020 09:35:00,14-09-2020 09:35:29
78.37,29.82,7.64,14-09-2020 09:40:00,14-09-2020 09:40:23
73.57,28.85,6.84,14-09-2020 09:45:00,14-09-2020 09:45:22
78.67,29.59,6.96,14-09-2020 09:50:00,14-09-2020 09:50:26
78.65,27.36,6.93,14-09-2020 09:55:00,14-09-2020 09:55:23
70.94,31.58,30.7,14-09-2020 10:00:00,14-09-2020 10:00:31
78.99,27.45,7.16,14-09-2020 10:05:00,14-09-2020 10:05:23
79.31,26.42,6.93,14-09-2020 10:10:00,14-09-2020 10:10:24
69.79,31.59,30.87,14-09-2020 10:15:00,14-09-2020 10:15:27
79.19,31.52,7.85,14-09-2020 10:20:00,14-09-2020 10:20:24
77.6,29.96,7.61,14-09-2020 10:25:00,14-09-2020 10:25:24
60.11,26.51,6.91,14-09-2020 10:30:00,14-09-2020 10:30:31
68.18,31.79,30.79,14-09-2020 10:35:00,14-09-2020 10:35:25
75.64,30.05,16.82,14-09-2020 10:40:00,14-09-2020 10:40:28
78.17,30.32,16.56,14-09-2020 10:45:00,14-09-2020 10:45:27
65.16,29.3,7.24,14-09-2020 10:50:00,14-09-2020 10:50:27
71.93,28.51,6.86,14-09-2020 10:55:00,14-09-2020 10:55:31
78.17,27.05,7.89,14-09-2020 11:00:00,14-09-2020 11:00:22
78.69,31.19,7.88,14-09-2020 11:05:00,14-09-2020 11:05:25
77.03,28.37,7.28,14-09-2020 11:10:00,14-09-2020 11:10:29
68.97,31.76,30.64,14-09-2020 11:15:00,14-09-2020 11:15:25
72.76,32.63,30.89,14-09-2020 11:20:00,14-09-2020 11:20:28
78.39,27.26,7.52,14-09-2020 11:25:00,14-09-2020 11:25:22
79.44,27.26,7.48,14-09-2020 11:30:00,14-09-2020 11:30:24
71.26,32.72,30.74,14-09-2020 11:35:00,14-09-2020 11:35:24
77.56,29.11,6.96,14-09-2020 11:40:00,14-09-2020 11:40:25
73.22,31.66,30.85,14-09-2020 11:45:00,14-09-2020 11:45:32
79.41,29.48,7.8,14-09-2020 11:50:00,14-09-2020 11:50:26
78.98,28.68,7.08,14-09-2020 11:55:00,14-09-2020 11:55:23
71.02,31.74,30.92,14-09-2020 12:00:00,14-09-2020 12:00:28
0,0,0,14-09-2020 12:05:05,14-09-2020 12:05:05,"Command '['./speedtest', '--accept-license', '--accept-gdpr', '-p', 'no']' returned non-zero exit status 2."
75.18,30.16,16.88,14-09-2020 12:10:00,14-09-2020 12:10:25
73.99,30.31,16.81,14-09-2020 12:15:00,14-09-2020 12:15:24
70.48,30.25,30.74,14-09-2020 12:20:00,14-09-2020 12:20:26
69.63,31.53,30.85,14-09-2020 12:25:00,14-09-2020 12:25:27
78.68,31.34,6.9,14-09-2020 12:30:00,14-09-2020 12:30:21
70.46,32.79,30.75,14-09-2020 12:35:00,14-09-2020 12:35:29
68.77,31.49,30.58,14-09-2020 12:40:00,14-09-2020 12:40:26
73.49,32.19,30.93,14-09-2020 12:45:00,14-09-2020 12:45:26
78.16,28.07,7.82,14-09-2020 12:50:00,14-09-2020 12:50:28
75.88,31.1,16.84,14-09-2020 12:55:00,14-09-2020 12:55:26
75.99,30.8,16.8,14-09-2020 13:00:00,14-09-2020 13:00:25
76.42,27.33,7.89,14-09-2020 13:05:00,14-09-2020 13:05:26
72.81,31.69,30.58,14-09-2020 13:10:00,14-09-2020 13:10:28
73.78,32.12,30.76,14-09-2020 13:15:00,14-09-2020 13:15:32
78.07,31.48,7.61,14-09-2020 13:20:00,14-09-2020 13:20:22
71.86,32.09,30.66,14-09-2020 13:25:00,14-09-2020 13:25:29
78.39,31.33,7.78,14-09-2020 13:30:00,14-09-2020 13:30:22
76.71,29.88,7.2,14-09-2020 13:35:00,14-09-2020 13:35:32
79.32,28.04,6.88,14-09-2020 13:40:00,14-09-2020 13:40:19
65.66,28.52,6.9,14-09-2020 13:45:00,14-09-2020 13:45:31
76.93,28.82,6.93,14-09-2020 13:50:00,14-09-2020 13:50:25
77.17,27.75,7.76,14-09-2020 13:55:00,14-09-2020 13:55:22
78.63,28.11,7.91,14-09-2020 14:00:00,14-09-2020 14:00:24
78.62,30.26,7.19,14-09-2020 14:05:00,14-09-2020 14:05:23
78.89,30.96,7.36,14-09-2020 14:10:00,14-09-2020 14:10:24
71.38,31.74,30.6,14-09-2020 14:15:00,14-09-2020 14:15:29
78.84,31.0,7.35,14-09-2020 14:20:00,14-09-2020 14:20:21
78.64,30.75,7.18,14-09-2020 14:25:00,14-09-2020 14:25:23
78.62,31.14,7.1,14-09-2020 14:30:00,14-09-2020 14:30:23
78.84,30.46,7.15,14-09-2020 14:35:00,14-09-2020 14:35:22
73.29,27.98,6.79,14-09-2020 14:40:00,14-09-2020 14:40:18
76.91,28.73,6.95,14-09-2020 14:45:00,14-09-2020 14:45:19
79.89,28.5,7.22,14-09-2020 14:50:00,14-09-2020 14:50:25
76.98,27.5,6.92,14-09-2020 14:55:00,14-09-2020 14:55:26
70.92,30.29,30.75,14-09-2020 15:00:00,14-09-2020 15:00:25
78.54,30.7,14.08,14-09-2020 15:05:00,14-09-2020 15:05:25
70.81,31.99,30.64,14-09-2020 15:10:00,14-09-2020 15:10:24
73.72,28.53,7.04,14-09-2020 15:15:00,14-09-2020 15:15:28
78.67,31.28,7.25,14-09-2020 15:20:00,14-09-2020 15:20:23
77.4,30.71,14.28,14-09-2020 15:25:00,14-09-2020 15:25:28
77.66,27.78,7.15,14-09-2020 15:30:00,14-09-2020 15:30:23
78.54,31.37,7.14,14-09-2020 15:35:00,14-09-2020 15:35:22
77.78,31.46,7.02,14-09-2020 15:40:00,14-09-2020 15:40:21
78.89,27.11,6.94,14-09-2020 15:45:00,14-09-2020 15:45:26
78.2,26.26,7.17,14-09-2020 15:50:00,14-09-2020 15:50:29
77.58,27.07,6.84,14-09-2020 15:55:00,14-09-2020 15:55:28
75.76,30.54,17.32,14-09-2020 16:00:00,14-09-2020 16:00:25
79.06,27.88,7.11,14-09-2020 16:05:00,14-09-2020 16:05:22
78.1,30.2,7.16,14-09-2020 16:10:00,14-09-2020 16:10:32
68.86,31.49,7.21,14-09-2020 16:15:00,14-09-2020 16:15:31
75.82,30.72,7.13,14-09-2020 16:20:00,14-09-2020 16:20:20
69.27,30.59,30.49,14-09-2020 16:25:00,14-09-2020 16:25:28
70.07,31.38,30.73,14-09-2020 16:30:00,14-09-2020 16:30:28
78.23,27.24,7.15,14-09-2020 16:35:00,14-09-2020 16:35:27
74.19,30.35,10.0,14-09-2020 16:40:00,14-09-2020 16:40:24
70.91,32.06,30.85,14-09-2020 16:45:00,14-09-2020 16:45:25
77.56,28.51,7.18,14-09-2020 16:50:00,14-09-2020 16:50:22
68.02,30.84,30.76,14-09-2020 16:55:00,14-09-2020 16:55:25
74.44,30.16,16.43,14-09-2020 17:00:00,14-09-2020 17:00:24
74.88,29.3,7.06,14-09-2020 17:05:00,14-09-2020 17:05:27
77.72,29.96,7.11,14-09-2020 17:10:00,14-09-2020 17:10:24
76.51,30.59,7.1,14-09-2020 17:15:00,14-09-2020 17:15:23
74.25,27.84,7.07,14-09-2020 17:20:00,14-09-2020 17:20:26
76.14,30.01,16.32,14-09-2020 17:25:00,14-09-2020 17:25:24
79.24,29.32,7.08,14-09-2020 17:30:00,14-09-2020 17:30:23
79.36,28.9,7.18,14-09-2020 17:35:00,14-09-2020 17:35:29
75.92,27.79,6.71,14-09-2020 17:40:00,14-09-2020 17:40:28
71.95,26.95,7.01,14-09-2020 17:45:00,14-09-2020 17:45:27
59.85,28.94,7.11,14-09-2020 17:50:00,14-09-2020 17:50:26
73.78,27.83,7.04,14-09-2020 17:55:00,14-09-2020 17:55:28
62.58,27.19,7.12,14-09-2020 18:00:00,14-09-2020 18:00:30
72.08,30.82,30.79,14-09-2020 18:05:00,14-09-2020 18:05:28
75.51,27.39,7.81,14-09-2020 18:10:00,14-09-2020 18:10:20
60.71,27.28,7.2,14-09-2020 18:15:00,14-09-2020 18:15:27
77.82,30.76,6.88,14-09-2020 18:20:00,14-09-2020 18:20:23
77.07,30.65,7.02,14-09-2020 18:25:00,14-09-2020 18:25:25
64.16,27.51,7.14,14-09-2020 18:30:00,14-09-2020 18:30:28
55.75,29.4,7.19,14-09-2020 18:35:00,14-09-2020 18:35:26
75.45,30.57,16.56,14-09-2020 18:40:00,14-09-2020 18:40:28
75.0,32.04,9.98,14-09-2020 18:45:00,14-09-2020 18:45:23
68.6,27.76,7.11,14-09-2020 18:50:00,14-09-2020 18:50:28
67.93,27.89,7.0,14-09-2020 18:55:00,14-09-2020 18:55:26
72.05,31.94,10.19,14-09-2020 19:00:00,14-09-2020 19:00:22
70.04,32.45,31.03,14-09-2020 19:05:00,14-09-2020 19:05:30
66.86,27.57,7.74,14-09-2020 19:10:00,14-09-2020 19:10:28
78.51,27.07,7.1,14-09-2020 19:15:00,14-09-2020 19:15:28
54.1,31.23,31.08,14-09-2020 19:20:00,14-09-2020 19:20:35
74.72,27.61,6.86,14-09-2020 19:25:00,14-09-2020 19:25:28
52.17,27.1,7.18,14-09-2020 19:30:00,14-09-2020 19:30:23
71.68,28.12,7.05,14-09-2020 19:35:00,14-09-2020 19:35:28
61.11,28.02,7.14,14-09-2020 19:40:00,14-09-2020 19:40:26
69.18,29.7,7.25,14-09-2020 19:45:00,14-09-2020 19:45:27
66.76,28.69,7.04,14-09-2020 19:50:00,14-09-2020 19:50:28
60.01,32.43,30.86,14-09-2020 19:55:00,14-09-2020 19:55:32
47.86,35.29,16.95,14-09-2020 20:00:00,14-09-2020 20:00:28
77.25,29.88,7.27,14-09-2020 20:05:00,14-09-2020 20:05:27
78.49,28.87,7.23,14-09-2020 20:10:00,14-09-2020 20:10:28
72.17,30.94,30.83,14-09-2020 20:15:00,14-09-2020 20:15:28
77.58,27.81,6.91,14-09-2020 20:20:00,14-09-2020 20:20:21
77.57,29.9,6.97,14-09-2020 20:25:00,14-09-2020 20:25:21
77.69,30.28,14.41,14-09-2020 20:30:00,14-09-2020 20:30:25
77.14,29.93,16.97,14-09-2020 20:35:00,14-09-2020 20:35:27
73.66,29.26,7.07,14-09-2020 20:40:00,14-09-2020 20:40:31
74.32,29.75,7.46,14-09-2020 20:45:00,14-09-2020 20:45:21
76.94,31.04,7.5,14-09-2020 20:50:00,14-09-2020 20:50:20
40.33,33.07,7.1,14-09-2020 20:55:00,14-09-2020 20:55:30
15.05,27.65,7.09,14-09-2020 21:00:00,14-09-2020 21:00:33
69.02,30.89,7.11,14-09-2020 21:05:00,14-09-2020 21:05:27
49.93,28.31,7.31,14-09-2020 21:10:00,14-09-2020 21:10:28
65.33,31.14,31.07,14-09-2020 21:15:00,14-09-2020 21:15:31
67.37,32.99,15.84,14-09-2020 21:20:00,14-09-2020 21:20:32
54.37,28.69,7.15,14-09-2020 21:25:00,14-09-2020 21:25:26
25.43,34.5,7.18,14-09-2020 21:30:00,14-09-2020 21:30:21
12.27,28.67,7.31,14-09-2020 21:35:00,14-09-2020 21:35:35
66.06,32.19,7.41,14-09-2020 21:40:00,14-09-2020 21:40:30
69.0,7.03,30.71,14-09-2020 21:45:00,14-09-2020 21:45:35
77.14,31.5,7.15,14-09-2020 21:50:00,14-09-2020 21:50:29
67.92,32.44,15.78,14-09-2020 21:55:00,14-09-2020 21:55:29
61.78,31.76,7.24,14-09-2020 22:00:00,14-09-2020 22:00:33
73.62,30.19,16.54,14-09-2020 22:05:00,14-09-2020 22:05:29
66.2,30.6,30.76,14-09-2020 22:10:00,14-09-2020 22:10:32
47.66,36.79,7.27,14-09-2020 22:15:00,14-09-2020 22:15:34
77.84,28.44,7.28,14-09-2020 22:20:00,14-09-2020 22:20:25
62.91,32.58,30.88,14-09-2020 22:25:00,14-09-2020 22:25:32
64.06,31.07,30.92,14-09-2020 22:30:00,14-09-2020 22:30:25
70.46,30.15,16.62,14-09-2020 22:35:00,14-09-2020 22:35:25
76.56,29.97,7.35,14-09-2020 22:40:00,14-09-2020 22:40:24
71.91,31.31,30.76,14-09-2020 22:45:00,14-09-2020 22:45:29
77.72,27.98,7.39,14-09-2020 22:50:00,14-09-2020 22:50:30
71.94,31.26,30.83,14-09-2020 22:55:00,14-09-2020 22:55:30
76.63,30.01,16.87,14-09-2020 23:00:00,14-09-2020 23:00:26
66.74,31.16,30.89,14-09-2020 23:05:00,14-09-2020 23:05:32
76.34,28.79,7.27,14-09-2020 23:10:00,14-09-2020 23:10:32
71.21,31.56,30.82,14-09-2020 23:15:00,14-09-2020 23:15:27
75.23,29.48,7.17,14-09-2020 23:20:00,14-09-2020 23:20:29
75.7,30.51,16.23,14-09-2020 23:25:00,14-09-2020 23:25:38
79.58,30.08,7.07,14-09-2020 23:30:00,14-09-2020 23:30:26
78.79,29.92,7.18,14-09-2020 23:35:00,14-09-2020 23:35:23
77.84,29.91,6.69,14-09-2020 23:40:00,14-09-2020 23:40:22
78.84,29.99,7.19,14-09-2020 23:45:00,14-09-2020 23:45:28
73.13,28.56,7.24,14-09-2020 23:50:00,14-09-2020 23:50:28
75.87,30.7,26.86,14-09-2020 23:55:00,14-09-2020 23:55:31
69.36,30.73,30.66,15-09-2020 00:00:00,15-09-2020 00:00:25
75.72,28.93,6.86,15-09-2020 00:05:00,15-09-2020 00:05:30
72.28,27.27,7.16,15-09-2020 00:10:00,15-09-2020 00:10:24
75.61,30.55,14.36,15-09-2020 00:15:00,15-09-2020 00:15:28
70.53,30.16,17.17,15-09-2020 00:20:00,15-09-2020 00:20:23
78.88,28.87,7.01,15-09-2020 00:25:00,15-09-2020 00:25:25
77.04,28.06,7.27,15-09-2020 00:30:00,15-09-2020 00:30:22
68.78,31.27,30.67,15-09-2020 00:35:00,15-09-2020 00:35:28
63.37,27.6,7.14,15-09-2020 00:40:00,15-09-2020 00:40:26
71.14,31.35,30.68,15-09-2020 00:45:00,15-09-2020 00:45:28
76.23,27.76,7.16,15-09-2020 00:50:00,15-09-2020 00:50:23
79.63,29.95,7.3,15-09-2020 00:55:00,15-09-2020 00:55:26
71.51,28.54,7.12,15-09-2020 01:00:00,15-09-2020 01:00:30
69.47,29.14,7.24,15-09-2020 01:05:00,15-09-2020 01:05:31
76.73,29.51,6.85,15-09-2020 01:10:00,15-09-2020 01:10:25
71.5,31.47,30.55,15-09-2020 01:15:00,15-09-2020 01:15:24
76.28,30.55,15.43,15-09-2020 01:20:00,15-09-2020 01:20:26
72.18,31.11,30.68,15-09-2020 01:25:00,15-09-2020 01:25:26
71.26,30.19,31.0,15-09-2020 01:30:00,15-09-2020 01:30:29
67.08,32.22,30.76,15-09-2020 01:35:00,15-09-2020 01:35:24
75.83,30.31,17.16,15-09-2020 01:40:00,15-09-2020 01:40:28
63.09,28.95,6.83,15-09-2020 01:45:00,15-09-2020 01:45:27
71.03,30.61,30.47,15-09-2020 01:50:00,15-09-2020 01:50:27
71.81,28.9,6.98,15-09-2020 01:55:00,15-09-2020 01:55:30
72.86,27.18,6.94,15-09-2020 02:00:00,15-09-2020 02:00:25
78.31,30.64,13.78,15-09-2020 02:05:00,15-09-2020 02:05:26
71.28,29.63,7.28,15-09-2020 02:10:00,15-09-2020 02:10:34
79.2,27.1,6.95,15-09-2020 02:15:00,15-09-2020 02:15:26
76.14,29.04,6.84,15-09-2020 02:20:00,15-09-2020 02:20:32
74.69,30.3,16.55,15-09-2020 02:25:00,15-09-2020 02:25:24
73.41,28.64,7.1,15-09-2020 02:30:00,15-09-2020 02:30:21
76.13,30.38,16.45,15-09-2020 02:35:00,15-09-2020 02:35:24
79.36,29.99,6.91,15-09-2020 02:40:00,15-09-2020 02:40:23
79.08,29.99,7.16,15-09-2020 02:45:00,15-09-2020 02:45:28
79.21,29.91,7.24,15-09-2020 02:50:00,15-09-2020 02:50:27
72.41,28.34,7.27,15-09-2020 02:55:00,15-09-2020 02:55:28
69.41,29.9,16.39,15-09-2020 03:00:00,15-09-2020 03:00:24
71.49,30.08,7.21,15-09-2020 03:05:00,15-09-2020 03:05:25
76.32,30.23,9.84,15-09-2020 03:10:00,15-09-2020 03:10:27
78.9,29.9,7.64,15-09-2020 03:15:00,15-09-2020 03:15:20
79.04,29.85,7.15,15-09-2020 03:20:00,15-09-2020 03:20:23
69.88,30.37,30.77,15-09-2020 03:25:00,15-09-2020 03:25:25
69.89,29.29,7.11,15-09-2020 03:30:00,15-09-2020 03:30:31
68.42,31.03,31.04,15-09-2020 03:35:00,15-09-2020 03:35:26
78.3,30.05,7.12,15-09-2020 03:40:00,15-09-2020 03:40:25
76.45,28.13,7.96,15-09-2020 03:45:00,15-09-2020 03:45:21
70.42,30.52,30.76,15-09-2020 03:50:00,15-09-2020 03:50:27
78.65,29.78,7.08,15-09-2020 03:55:00,15-09-2020 03:55:23
77.5,29.96,7.12,15-09-2020 04:00:00,15-09-2020 04:00:21
77.46,29.42,7.13,15-09-2020 04:05:00,15-09-2020 04:05:30
69.84,27.42,7.65,15-09-2020 04:10:00,15-09-2020 04:10:25
79.02,27.19,7.14,15-09-2020 04:15:00,15-09-2020 04:15:23
68.4,27.29,6.97,15-09-2020 04:20:00,15-09-2020 04:20:27
72.06,29.9,30.77,15-09-2020 04:25:00,15-09-2020 04:25:30
72.92,27.42,7.19,15-09-2020 04:30:00,15-09-2020 04:30:26
69.85,31.03,30.52,15-09-2020 04:35:00,15-09-2020 04:35:25
79.02,29.86,7.24,15-09-2020 04:40:00,15-09-2020 04:40:23
76.99,30.79,14.38,15-09-2020 04:45:00,15-09-2020 04:45:24
78.47,28.08,7.23,15-09-2020 04:50:00,15-09-2020 04:50:26
69.8,28.56,6.92,15-09-2020 04:55:00,15-09-2020 04:55:29
77.55,29.85,7.11,15-09-2020 05:00:00,15-09-2020 05:00:27
70.63,27.7,7.05,15-09-2020 05:05:00,15-09-2020 05:05:26
75.19,29.39,10.12,15-09-2020 05:10:00,15-09-2020 05:10:29
71.01,29.89,6.99,15-09-2020 05:15:00,15-09-2020 05:15:25
74.66,30.04,16.45,15-09-2020 05:20:00,15-09-2020 05:20:27
0.79,10.71,9.02,15-09-2020 05:25:00,15-09-2020 05:25:23
0.78,8.74,11.38,15-09-2020 05:30:00,15-09-2020 05:30:39
0.8,11.24,8.87,17-09-2020 17:40:00,17-09-2020 17:40:27
0,0,0,17-09-2020 17:45:14,17-09-2020 17:45:14,"Command '['./speedtest', '--accept-license', '--accept-gdpr', '-p', 'no']' returned non-zero exit status 2."
0,0,0,17-09-2020 17:50:21,17-09-2020 17:50:21,"Command '['./speedtest', '--accept-license', '--accept-gdpr', '-p', 'no']' returned non-zero exit status 2."
0.74,10.94,8.92,17-09-2020 17:55:00,17-09-2020 17:55:28
0,0,0,17-09-2020 18:00:16,17-09-2020 18:00:16,"Command '['./speedtest', '--accept-license', '--accept-gdpr', '-p', 'no']' returned non-zero exit status 2."
0.78,10.39,32.16,17-09-2020 18:05:00,17-09-2020 18:05:34
0.83,11.24,8.85,17-09-2020 18:10:00,17-09-2020 18:10:36
0,0,0,17-09-2020 18:15:14,17-09-2020 18:15:14,"Command '['./speedtest', '--accept-license', '--accept-gdpr', '-p', 'no']' returned non-zero exit status 2."
0,0,0,17-09-2020 18:20:21,17-09-2020 18:20:21,"Command '['./speedtest', '--accept-license', '--accept-gdpr', '-p', 'no']' returned non-zero exit status 2."
0,0,0,17-09-2020 18:25:20,17-09-2020 18:25:20,"Command '['./speedtest', '--accept-license', '--accept-gdpr', '-p', 'no']' returned non-zero exit status 2."
0,0,0,17-09-2020 18:30:15,17-09-2020 18:30:15,"Command '['./speedtest', '--accept-license', '--accept-gdpr', '-p', 'no']' returned non-zero exit status 2."
0,0,0,17-09-2020 18:35:16,17-09-2020 18:35:16,"Command '['./speedtest', '--accept-license', '--accept-gdpr', '-p', 'no']' returned non-zero exit status 2."
0,0,0,17-09-2020 18:40:20,17-09-2020 18:40:20,"Command '['./speedtest', '--accept-license', '--accept-gdpr', '-p', 'no']' returned non-zero exit status 2."
0.73,11.65,8.59,17-09-2020 18:45:00,17-09-2020 18:45:26
0.75,12.31,13.75,17-09-2020 18:50:00,17-09-2020 18:50:40
0.67,12.39,11.78,17-09-2020 18:55:00,17-09-2020 18:55:36
0.81,10.95,8.85,17-09-2020 19:00:00,17-09-2020 19:00:38
0.79,11.99,8.87,17-09-2020 19:05:00,17-09-2020 19:05:33
0,0,0,17-09-2020 19:10:19,17-09-2020 19:10:19,"Command '['./speedtest', '--accept-license', '--accept-gdpr', '-p', 'no']' returned non-zero exit status 2."
0,0,0,17-09-2020 19:15:19,17-09-2020 19:15:19,"Command '['./speedtest', '--accept-license', '--accept-gdpr', '-p', 'no']' returned non-zero exit status 2."
0.81,12.29,12.51,17-09-2020 19:20:00,17-09-2020 19:20:41
